INFO 2025-06-22 18:56:25,042 autoreload 29504 30960 Watching for file changes with StatReloader
INFO 2025-06-22 20:29:45,513 autoreload 24676 30488 Watching for file changes with StatReloader
INFO 2025-06-22 20:31:44,358 autoreload 10712 32124 Watching for file changes with StatReloader
WARNING 2025-06-22 20:31:46,993 log 10712 27008 Not Found: /
WARNING 2025-06-22 20:31:46,994 basehttp 10712 27008 "GET / HTTP/1.1" 404 4890
ERROR 2025-06-22 20:32:04,712 log 10712 27008 Internal Server Error: /loans/
Traceback (most recent call last):
  File "C:\Users\DINESH\Dropbox\PC\Desktop\studies\cibil_score_checker\score_checker\env\Lib\site-packages\django\db\backends\utils.py", line 89, in _execute
    return self.cursor.execute(sql, params)
           ^^^^^^^^^^^^^^^^^^^^^^^^^^^^^^^^
  File "C:\Users\DINESH\Dropbox\PC\Desktop\studies\cibil_score_checker\score_checker\env\Lib\site-packages\django\db\backends\mysql\base.py", line 75, in execute
    return self.cursor.execute(query, args)
           ^^^^^^^^^^^^^^^^^^^^^^^^^^^^^^^^
  File "C:\Users\DINESH\Dropbox\PC\Desktop\studies\cibil_score_checker\score_checker\env\Lib\site-packages\MySQLdb\cursors.py", line 179, in execute
    res = self._query(mogrified_query)
          ^^^^^^^^^^^^^^^^^^^^^^^^^^^^
  File "C:\Users\DINESH\Dropbox\PC\Desktop\studies\cibil_score_checker\score_checker\env\Lib\site-packages\MySQLdb\cursors.py", line 330, in _query
    db.query(q)
  File "C:\Users\DINESH\Dropbox\PC\Desktop\studies\cibil_score_checker\score_checker\env\Lib\site-packages\MySQLdb\connections.py", line 255, in query
    _mysql.connection.query(self, query)
MySQLdb.ProgrammingError: (1146, "Table 'cibil_checkerr.loans' doesn't exist")

The above exception was the direct cause of the following exception:

Traceback (most recent call last):
  File "C:\Users\DINESH\Dropbox\PC\Desktop\studies\cibil_score_checker\score_checker\env\Lib\site-packages\django\core\handlers\exception.py", line 56, in inner
    response = get_response(request)
               ^^^^^^^^^^^^^^^^^^^^^
  File "C:\Users\DINESH\Dropbox\PC\Desktop\studies\cibil_score_checker\score_checker\env\Lib\site-packages\django\core\handlers\base.py", line 197, in _get_response
    response = wrapped_callback(request, *callback_args, **callback_kwargs)
               ^^^^^^^^^^^^^^^^^^^^^^^^^^^^^^^^^^^^^^^^^^^^^^^^^^^^^^^^^^^^
  File "C:\Users\DINESH\Dropbox\PC\Desktop\studies\cibil_score_checker\score_checker\env\Lib\site-packages\django\views\decorators\csrf.py", line 55, in wrapped_view
    return view_func(*args, **kwargs)
           ^^^^^^^^^^^^^^^^^^^^^^^^^^
  File "C:\Users\DINESH\Dropbox\PC\Desktop\studies\cibil_score_checker\score_checker\env\Lib\site-packages\django\views\generic\base.py", line 84, in view
    return self.dispatch(request, *args, **kwargs)
           ^^^^^^^^^^^^^^^^^^^^^^^^^^^^^^^^^^^^^^^
  File "C:\Users\DINESH\Dropbox\PC\Desktop\studies\cibil_score_checker\score_checker\env\Lib\site-packages\rest_framework\views.py", line 509, in dispatch
    response = self.handle_exception(exc)
               ^^^^^^^^^^^^^^^^^^^^^^^^^^
  File "C:\Users\DINESH\Dropbox\PC\Desktop\studies\cibil_score_checker\score_checker\env\Lib\site-packages\rest_framework\views.py", line 469, in handle_exception
    self.raise_uncaught_exception(exc)
  File "C:\Users\DINESH\Dropbox\PC\Desktop\studies\cibil_score_checker\score_checker\env\Lib\site-packages\rest_framework\views.py", line 480, in raise_uncaught_exception
    raise exc
  File "C:\Users\DINESH\Dropbox\PC\Desktop\studies\cibil_score_checker\score_checker\env\Lib\site-packages\rest_framework\views.py", line 506, in dispatch
    response = handler(request, *args, **kwargs)
               ^^^^^^^^^^^^^^^^^^^^^^^^^^^^^^^^^
  File "C:\Users\DINESH\Dropbox\PC\Desktop\studies\cibil_score_checker\score_checker\env\Lib\site-packages\rest_framework\generics.py", line 239, in get
    return self.list(request, *args, **kwargs)
           ^^^^^^^^^^^^^^^^^^^^^^^^^^^^^^^^^^^
  File "C:\Users\DINESH\Dropbox\PC\Desktop\studies\cibil_score_checker\score_checker\env\Lib\site-packages\rest_framework\mixins.py", line 40, in list
    page = self.paginate_queryset(queryset)
           ^^^^^^^^^^^^^^^^^^^^^^^^^^^^^^^^
  File "C:\Users\DINESH\Dropbox\PC\Desktop\studies\cibil_score_checker\score_checker\env\Lib\site-packages\rest_framework\generics.py", line 171, in paginate_queryset
    return self.paginator.paginate_queryset(queryset, self.request, view=self)
           ^^^^^^^^^^^^^^^^^^^^^^^^^^^^^^^^^^^^^^^^^^^^^^^^^^^^^^^^^^^^^^^^^^^
  File "C:\Users\DINESH\Dropbox\PC\Desktop\studies\cibil_score_checker\score_checker\env\Lib\site-packages\rest_framework\pagination.py", line 204, in paginate_queryset
    self.page = paginator.page(page_number)
                ^^^^^^^^^^^^^^^^^^^^^^^^^^^
  File "C:\Users\DINESH\Dropbox\PC\Desktop\studies\cibil_score_checker\score_checker\env\Lib\site-packages\django\core\paginator.py", line 75, in page
    number = self.validate_number(number)
             ^^^^^^^^^^^^^^^^^^^^^^^^^^^^
  File "C:\Users\DINESH\Dropbox\PC\Desktop\studies\cibil_score_checker\score_checker\env\Lib\site-packages\django\core\paginator.py", line 53, in validate_number
    if number > self.num_pages:
                ^^^^^^^^^^^^^^
  File "C:\Users\DINESH\Dropbox\PC\Desktop\studies\cibil_score_checker\score_checker\env\Lib\site-packages\django\utils\functional.py", line 49, in __get__
    res = instance.__dict__[self.name] = self.func(instance)
                                         ^^^^^^^^^^^^^^^^^^^
  File "C:\Users\DINESH\Dropbox\PC\Desktop\studies\cibil_score_checker\score_checker\env\Lib\site-packages\django\core\paginator.py", line 102, in num_pages
    if self.count == 0 and not self.allow_empty_first_page:
       ^^^^^^^^^^
  File "C:\Users\DINESH\Dropbox\PC\Desktop\studies\cibil_score_checker\score_checker\env\Lib\site-packages\django\utils\functional.py", line 49, in __get__
    res = instance.__dict__[self.name] = self.func(instance)
                                         ^^^^^^^^^^^^^^^^^^^
  File "C:\Users\DINESH\Dropbox\PC\Desktop\studies\cibil_score_checker\score_checker\env\Lib\site-packages\django\core\paginator.py", line 96, in count
    return c()
           ^^^
  File "C:\Users\DINESH\Dropbox\PC\Desktop\studies\cibil_score_checker\score_checker\env\Lib\site-packages\django\db\models\query.py", line 470, in count
    return self.query.get_count(using=self.db)
           ^^^^^^^^^^^^^^^^^^^^^^^^^^^^^^^^^^^
  File "C:\Users\DINESH\Dropbox\PC\Desktop\studies\cibil_score_checker\score_checker\env\Lib\site-packages\django\db\models\sql\query.py", line 552, in get_count
    number = obj.get_aggregation(using, ["__count"])["__count"]
             ^^^^^^^^^^^^^^^^^^^^^^^^^^^^^^^^^^^^^^^
  File "C:\Users\DINESH\Dropbox\PC\Desktop\studies\cibil_score_checker\score_checker\env\Lib\site-packages\django\db\models\sql\query.py", line 537, in get_aggregation
    result = compiler.execute_sql(SINGLE)
             ^^^^^^^^^^^^^^^^^^^^^^^^^^^^
  File "C:\Users\DINESH\Dropbox\PC\Desktop\studies\cibil_score_checker\score_checker\env\Lib\site-packages\django\db\models\sql\compiler.py", line 1361, in execute_sql
    cursor.execute(sql, params)
  File "C:\Users\DINESH\Dropbox\PC\Desktop\studies\cibil_score_checker\score_checker\env\Lib\site-packages\django\db\backends\utils.py", line 102, in execute
    return super().execute(sql, params)
           ^^^^^^^^^^^^^^^^^^^^^^^^^^^^
  File "C:\Users\DINESH\Dropbox\PC\Desktop\studies\cibil_score_checker\score_checker\env\Lib\site-packages\django\db\backends\utils.py", line 67, in execute
    return self._execute_with_wrappers(
           ^^^^^^^^^^^^^^^^^^^^^^^^^^^^
  File "C:\Users\DINESH\Dropbox\PC\Desktop\studies\cibil_score_checker\score_checker\env\Lib\site-packages\django\db\backends\utils.py", line 80, in _execute_with_wrappers
    return executor(sql, params, many, context)
           ^^^^^^^^^^^^^^^^^^^^^^^^^^^^^^^^^^^^
  File "C:\Users\DINESH\Dropbox\PC\Desktop\studies\cibil_score_checker\score_checker\env\Lib\site-packages\django\db\backends\utils.py", line 84, in _execute
    with self.db.wrap_database_errors:
  File "C:\Users\DINESH\Dropbox\PC\Desktop\studies\cibil_score_checker\score_checker\env\Lib\site-packages\django\db\utils.py", line 91, in __exit__
    raise dj_exc_value.with_traceback(traceback) from exc_value
  File "C:\Users\DINESH\Dropbox\PC\Desktop\studies\cibil_score_checker\score_checker\env\Lib\site-packages\django\db\backends\utils.py", line 89, in _execute
    return self.cursor.execute(sql, params)
           ^^^^^^^^^^^^^^^^^^^^^^^^^^^^^^^^
  File "C:\Users\DINESH\Dropbox\PC\Desktop\studies\cibil_score_checker\score_checker\env\Lib\site-packages\django\db\backends\mysql\base.py", line 75, in execute
    return self.cursor.execute(query, args)
           ^^^^^^^^^^^^^^^^^^^^^^^^^^^^^^^^
  File "C:\Users\DINESH\Dropbox\PC\Desktop\studies\cibil_score_checker\score_checker\env\Lib\site-packages\MySQLdb\cursors.py", line 179, in execute
    res = self._query(mogrified_query)
          ^^^^^^^^^^^^^^^^^^^^^^^^^^^^
  File "C:\Users\DINESH\Dropbox\PC\Desktop\studies\cibil_score_checker\score_checker\env\Lib\site-packages\MySQLdb\cursors.py", line 330, in _query
    db.query(q)
  File "C:\Users\DINESH\Dropbox\PC\Desktop\studies\cibil_score_checker\score_checker\env\Lib\site-packages\MySQLdb\connections.py", line 255, in query
    _mysql.connection.query(self, query)
django.db.utils.ProgrammingError: (1146, "Table 'cibil_checkerr.loans' doesn't exist")
ERROR 2025-06-22 20:32:04,725 basehttp 10712 27008 "GET /loans/ HTTP/1.1" 500 222033
INFO 2025-06-22 20:33:08,702 autoreload 33012 21556 Watching for file changes with StatReloader
WARNING 2025-06-22 20:33:11,366 log 33012 31080 Not Found: /
WARNING 2025-06-22 20:33:11,368 basehttp 33012 31080 "GET / HTTP/1.1" 404 4890
INFO 2025-06-22 20:42:17,044 autoreload 33012 21556 C:\Users\DINESH\Dropbox\PC\Desktop\studies\cibil_score_checker\score_checker\main_app\models.py changed, reloading.
INFO 2025-06-22 20:42:18,383 autoreload 22200 21960 Watching for file changes with StatReloader
INFO 2025-06-22 20:48:22,261 autoreload 22264 22500 Watching for file changes with StatReloader
WARNING 2025-06-22 21:29:09,553 log 22264 34316 Not Found: /
WARNING 2025-06-22 21:29:09,556 basehttp 22264 34316 "GET / HTTP/1.1" 404 4890
ERROR 2025-06-22 21:29:30,825 log 22264 34316 Internal Server Error: /loans/
Traceback (most recent call last):
  File "C:\Users\DINESH\Dropbox\PC\Desktop\studies\cibil_score_checker\score_checker\env\Lib\site-packages\django\db\backends\utils.py", line 89, in _execute
    return self.cursor.execute(sql, params)
           ^^^^^^^^^^^^^^^^^^^^^^^^^^^^^^^^
  File "C:\Users\DINESH\Dropbox\PC\Desktop\studies\cibil_score_checker\score_checker\env\Lib\site-packages\django\db\backends\mysql\base.py", line 75, in execute
    return self.cursor.execute(query, args)
           ^^^^^^^^^^^^^^^^^^^^^^^^^^^^^^^^
  File "C:\Users\DINESH\Dropbox\PC\Desktop\studies\cibil_score_checker\score_checker\env\Lib\site-packages\MySQLdb\cursors.py", line 179, in execute
    res = self._query(mogrified_query)
          ^^^^^^^^^^^^^^^^^^^^^^^^^^^^
  File "C:\Users\DINESH\Dropbox\PC\Desktop\studies\cibil_score_checker\score_checker\env\Lib\site-packages\MySQLdb\cursors.py", line 330, in _query
    db.query(q)
  File "C:\Users\DINESH\Dropbox\PC\Desktop\studies\cibil_score_checker\score_checker\env\Lib\site-packages\MySQLdb\connections.py", line 255, in query
    _mysql.connection.query(self, query)
MySQLdb.ProgrammingError: (1146, "Table 'cibil_checkerr.main_app_loan' doesn't exist")

The above exception was the direct cause of the following exception:

Traceback (most recent call last):
  File "C:\Users\DINESH\Dropbox\PC\Desktop\studies\cibil_score_checker\score_checker\env\Lib\site-packages\django\core\handlers\exception.py", line 56, in inner
    response = get_response(request)
               ^^^^^^^^^^^^^^^^^^^^^
  File "C:\Users\DINESH\Dropbox\PC\Desktop\studies\cibil_score_checker\score_checker\env\Lib\site-packages\django\core\handlers\base.py", line 197, in _get_response
    response = wrapped_callback(request, *callback_args, **callback_kwargs)
               ^^^^^^^^^^^^^^^^^^^^^^^^^^^^^^^^^^^^^^^^^^^^^^^^^^^^^^^^^^^^
  File "C:\Users\DINESH\Dropbox\PC\Desktop\studies\cibil_score_checker\score_checker\env\Lib\site-packages\django\views\decorators\csrf.py", line 55, in wrapped_view
    return view_func(*args, **kwargs)
           ^^^^^^^^^^^^^^^^^^^^^^^^^^
  File "C:\Users\DINESH\Dropbox\PC\Desktop\studies\cibil_score_checker\score_checker\env\Lib\site-packages\django\views\generic\base.py", line 84, in view
    return self.dispatch(request, *args, **kwargs)
           ^^^^^^^^^^^^^^^^^^^^^^^^^^^^^^^^^^^^^^^
  File "C:\Users\DINESH\Dropbox\PC\Desktop\studies\cibil_score_checker\score_checker\env\Lib\site-packages\rest_framework\views.py", line 509, in dispatch
    response = self.handle_exception(exc)
               ^^^^^^^^^^^^^^^^^^^^^^^^^^
  File "C:\Users\DINESH\Dropbox\PC\Desktop\studies\cibil_score_checker\score_checker\env\Lib\site-packages\rest_framework\views.py", line 469, in handle_exception
    self.raise_uncaught_exception(exc)
  File "C:\Users\DINESH\Dropbox\PC\Desktop\studies\cibil_score_checker\score_checker\env\Lib\site-packages\rest_framework\views.py", line 480, in raise_uncaught_exception
    raise exc
  File "C:\Users\DINESH\Dropbox\PC\Desktop\studies\cibil_score_checker\score_checker\env\Lib\site-packages\rest_framework\views.py", line 506, in dispatch
    response = handler(request, *args, **kwargs)
               ^^^^^^^^^^^^^^^^^^^^^^^^^^^^^^^^^
  File "C:\Users\DINESH\Dropbox\PC\Desktop\studies\cibil_score_checker\score_checker\env\Lib\site-packages\rest_framework\generics.py", line 239, in get
    return self.list(request, *args, **kwargs)
           ^^^^^^^^^^^^^^^^^^^^^^^^^^^^^^^^^^^
  File "C:\Users\DINESH\Dropbox\PC\Desktop\studies\cibil_score_checker\score_checker\env\Lib\site-packages\rest_framework\mixins.py", line 40, in list
    page = self.paginate_queryset(queryset)
           ^^^^^^^^^^^^^^^^^^^^^^^^^^^^^^^^
  File "C:\Users\DINESH\Dropbox\PC\Desktop\studies\cibil_score_checker\score_checker\env\Lib\site-packages\rest_framework\generics.py", line 171, in paginate_queryset
    return self.paginator.paginate_queryset(queryset, self.request, view=self)
           ^^^^^^^^^^^^^^^^^^^^^^^^^^^^^^^^^^^^^^^^^^^^^^^^^^^^^^^^^^^^^^^^^^^
  File "C:\Users\DINESH\Dropbox\PC\Desktop\studies\cibil_score_checker\score_checker\env\Lib\site-packages\rest_framework\pagination.py", line 204, in paginate_queryset
    self.page = paginator.page(page_number)
                ^^^^^^^^^^^^^^^^^^^^^^^^^^^
  File "C:\Users\DINESH\Dropbox\PC\Desktop\studies\cibil_score_checker\score_checker\env\Lib\site-packages\django\core\paginator.py", line 75, in page
    number = self.validate_number(number)
             ^^^^^^^^^^^^^^^^^^^^^^^^^^^^
  File "C:\Users\DINESH\Dropbox\PC\Desktop\studies\cibil_score_checker\score_checker\env\Lib\site-packages\django\core\paginator.py", line 53, in validate_number
    if number > self.num_pages:
                ^^^^^^^^^^^^^^
  File "C:\Users\DINESH\Dropbox\PC\Desktop\studies\cibil_score_checker\score_checker\env\Lib\site-packages\django\utils\functional.py", line 49, in __get__
    res = instance.__dict__[self.name] = self.func(instance)
                                         ^^^^^^^^^^^^^^^^^^^
  File "C:\Users\DINESH\Dropbox\PC\Desktop\studies\cibil_score_checker\score_checker\env\Lib\site-packages\django\core\paginator.py", line 102, in num_pages
    if self.count == 0 and not self.allow_empty_first_page:
       ^^^^^^^^^^
  File "C:\Users\DINESH\Dropbox\PC\Desktop\studies\cibil_score_checker\score_checker\env\Lib\site-packages\django\utils\functional.py", line 49, in __get__
    res = instance.__dict__[self.name] = self.func(instance)
                                         ^^^^^^^^^^^^^^^^^^^
  File "C:\Users\DINESH\Dropbox\PC\Desktop\studies\cibil_score_checker\score_checker\env\Lib\site-packages\django\core\paginator.py", line 96, in count
    return c()
           ^^^
  File "C:\Users\DINESH\Dropbox\PC\Desktop\studies\cibil_score_checker\score_checker\env\Lib\site-packages\django\db\models\query.py", line 470, in count
    return self.query.get_count(using=self.db)
           ^^^^^^^^^^^^^^^^^^^^^^^^^^^^^^^^^^^
  File "C:\Users\DINESH\Dropbox\PC\Desktop\studies\cibil_score_checker\score_checker\env\Lib\site-packages\django\db\models\sql\query.py", line 552, in get_count
    number = obj.get_aggregation(using, ["__count"])["__count"]
             ^^^^^^^^^^^^^^^^^^^^^^^^^^^^^^^^^^^^^^^
  File "C:\Users\DINESH\Dropbox\PC\Desktop\studies\cibil_score_checker\score_checker\env\Lib\site-packages\django\db\models\sql\query.py", line 537, in get_aggregation
    result = compiler.execute_sql(SINGLE)
             ^^^^^^^^^^^^^^^^^^^^^^^^^^^^
  File "C:\Users\DINESH\Dropbox\PC\Desktop\studies\cibil_score_checker\score_checker\env\Lib\site-packages\django\db\models\sql\compiler.py", line 1361, in execute_sql
    cursor.execute(sql, params)
  File "C:\Users\DINESH\Dropbox\PC\Desktop\studies\cibil_score_checker\score_checker\env\Lib\site-packages\django\db\backends\utils.py", line 102, in execute
    return super().execute(sql, params)
           ^^^^^^^^^^^^^^^^^^^^^^^^^^^^
  File "C:\Users\DINESH\Dropbox\PC\Desktop\studies\cibil_score_checker\score_checker\env\Lib\site-packages\django\db\backends\utils.py", line 67, in execute
    return self._execute_with_wrappers(
           ^^^^^^^^^^^^^^^^^^^^^^^^^^^^
  File "C:\Users\DINESH\Dropbox\PC\Desktop\studies\cibil_score_checker\score_checker\env\Lib\site-packages\django\db\backends\utils.py", line 80, in _execute_with_wrappers
    return executor(sql, params, many, context)
           ^^^^^^^^^^^^^^^^^^^^^^^^^^^^^^^^^^^^
  File "C:\Users\DINESH\Dropbox\PC\Desktop\studies\cibil_score_checker\score_checker\env\Lib\site-packages\django\db\backends\utils.py", line 84, in _execute
    with self.db.wrap_database_errors:
  File "C:\Users\DINESH\Dropbox\PC\Desktop\studies\cibil_score_checker\score_checker\env\Lib\site-packages\django\db\utils.py", line 91, in __exit__
    raise dj_exc_value.with_traceback(traceback) from exc_value
  File "C:\Users\DINESH\Dropbox\PC\Desktop\studies\cibil_score_checker\score_checker\env\Lib\site-packages\django\db\backends\utils.py", line 89, in _execute
    return self.cursor.execute(sql, params)
           ^^^^^^^^^^^^^^^^^^^^^^^^^^^^^^^^
  File "C:\Users\DINESH\Dropbox\PC\Desktop\studies\cibil_score_checker\score_checker\env\Lib\site-packages\django\db\backends\mysql\base.py", line 75, in execute
    return self.cursor.execute(query, args)
           ^^^^^^^^^^^^^^^^^^^^^^^^^^^^^^^^
  File "C:\Users\DINESH\Dropbox\PC\Desktop\studies\cibil_score_checker\score_checker\env\Lib\site-packages\MySQLdb\cursors.py", line 179, in execute
    res = self._query(mogrified_query)
          ^^^^^^^^^^^^^^^^^^^^^^^^^^^^
  File "C:\Users\DINESH\Dropbox\PC\Desktop\studies\cibil_score_checker\score_checker\env\Lib\site-packages\MySQLdb\cursors.py", line 330, in _query
    db.query(q)
  File "C:\Users\DINESH\Dropbox\PC\Desktop\studies\cibil_score_checker\score_checker\env\Lib\site-packages\MySQLdb\connections.py", line 255, in query
    _mysql.connection.query(self, query)
django.db.utils.ProgrammingError: (1146, "Table 'cibil_checkerr.main_app_loan' doesn't exist")
ERROR 2025-06-22 21:29:30,834 basehttp 22264 34316 "GET /loans/ HTTP/1.1" 500 222289
INFO 2025-06-22 21:30:09,020 autoreload 22264 22500 C:\Users\DINESH\Dropbox\PC\Desktop\studies\cibil_score_checker\score_checker\main_app\models.py changed, reloading.
INFO 2025-06-22 21:30:10,565 autoreload 19032 15608 Watching for file changes with StatReloader
INFO 2025-06-22 21:30:12,509 autoreload 19032 15608 C:\Users\DINESH\Dropbox\PC\Desktop\studies\cibil_score_checker\score_checker\main_app\models.py changed, reloading.
INFO 2025-06-22 21:30:13,588 autoreload 4328 25832 Watching for file changes with StatReloader
INFO 2025-06-22 21:30:30,502 autoreload 12672 31272 Watching for file changes with StatReloader
ERROR 2025-06-22 21:30:38,748 log 12672 13956 Internal Server Error: /loans/
Traceback (most recent call last):
  File "C:\Users\DINESH\Dropbox\PC\Desktop\studies\cibil_score_checker\score_checker\env\Lib\site-packages\django\core\handlers\exception.py", line 56, in inner
    response = get_response(request)
               ^^^^^^^^^^^^^^^^^^^^^
  File "C:\Users\DINESH\Dropbox\PC\Desktop\studies\cibil_score_checker\score_checker\env\Lib\site-packages\django\core\handlers\base.py", line 197, in _get_response
    response = wrapped_callback(request, *callback_args, **callback_kwargs)
               ^^^^^^^^^^^^^^^^^^^^^^^^^^^^^^^^^^^^^^^^^^^^^^^^^^^^^^^^^^^^
  File "C:\Users\DINESH\Dropbox\PC\Desktop\studies\cibil_score_checker\score_checker\env\Lib\site-packages\django\views\decorators\csrf.py", line 55, in wrapped_view
    return view_func(*args, **kwargs)
           ^^^^^^^^^^^^^^^^^^^^^^^^^^
  File "C:\Users\DINESH\Dropbox\PC\Desktop\studies\cibil_score_checker\score_checker\env\Lib\site-packages\django\views\generic\base.py", line 84, in view
    return self.dispatch(request, *args, **kwargs)
           ^^^^^^^^^^^^^^^^^^^^^^^^^^^^^^^^^^^^^^^
  File "C:\Users\DINESH\Dropbox\PC\Desktop\studies\cibil_score_checker\score_checker\env\Lib\site-packages\rest_framework\views.py", line 509, in dispatch
    response = self.handle_exception(exc)
               ^^^^^^^^^^^^^^^^^^^^^^^^^^
  File "C:\Users\DINESH\Dropbox\PC\Desktop\studies\cibil_score_checker\score_checker\env\Lib\site-packages\rest_framework\views.py", line 469, in handle_exception
    self.raise_uncaught_exception(exc)
  File "C:\Users\DINESH\Dropbox\PC\Desktop\studies\cibil_score_checker\score_checker\env\Lib\site-packages\rest_framework\views.py", line 480, in raise_uncaught_exception
    raise exc
  File "C:\Users\DINESH\Dropbox\PC\Desktop\studies\cibil_score_checker\score_checker\env\Lib\site-packages\rest_framework\views.py", line 506, in dispatch
    response = handler(request, *args, **kwargs)
               ^^^^^^^^^^^^^^^^^^^^^^^^^^^^^^^^^
  File "C:\Users\DINESH\Dropbox\PC\Desktop\studies\cibil_score_checker\score_checker\env\Lib\site-packages\rest_framework\generics.py", line 239, in get
    return self.list(request, *args, **kwargs)
           ^^^^^^^^^^^^^^^^^^^^^^^^^^^^^^^^^^^
  File "C:\Users\DINESH\Dropbox\PC\Desktop\studies\cibil_score_checker\score_checker\env\Lib\site-packages\rest_framework\mixins.py", line 40, in list
    page = self.paginate_queryset(queryset)
           ^^^^^^^^^^^^^^^^^^^^^^^^^^^^^^^^
  File "C:\Users\DINESH\Dropbox\PC\Desktop\studies\cibil_score_checker\score_checker\env\Lib\site-packages\rest_framework\generics.py", line 171, in paginate_queryset
    return self.paginator.paginate_queryset(queryset, self.request, view=self)
           ^^^^^^^^^^^^^^^^^^^^^^^^^^^^^^^^^^^^^^^^^^^^^^^^^^^^^^^^^^^^^^^^^^^
  File "C:\Users\DINESH\Dropbox\PC\Desktop\studies\cibil_score_checker\score_checker\env\Lib\site-packages\rest_framework\pagination.py", line 216, in paginate_queryset
    return list(self.page)
           ^^^^^^^^^^^^^^^
  File "C:\Users\DINESH\Dropbox\PC\Desktop\studies\cibil_score_checker\score_checker\env\Lib\site-packages\django\core\paginator.py", line 177, in __len__
    return len(self.object_list)
           ^^^^^^^^^^^^^^^^^^^^^
  File "C:\Users\DINESH\Dropbox\PC\Desktop\studies\cibil_score_checker\score_checker\env\Lib\site-packages\django\db\models\query.py", line 302, in __len__
    self._fetch_all()
  File "C:\Users\DINESH\Dropbox\PC\Desktop\studies\cibil_score_checker\score_checker\env\Lib\site-packages\django\db\models\query.py", line 1507, in _fetch_all
    self._result_cache = list(self._iterable_class(self))
                         ^^^^^^^^^^^^^^^^^^^^^^^^^^^^^^^^
  File "C:\Users\DINESH\Dropbox\PC\Desktop\studies\cibil_score_checker\score_checker\env\Lib\site-packages\django\db\models\query.py", line 87, in __iter__
    for row in compiler.results_iter(results):
  File "C:\Users\DINESH\Dropbox\PC\Desktop\studies\cibil_score_checker\score_checker\env\Lib\site-packages\django\db\models\sql\compiler.py", line 1299, in apply_converters
    value = converter(value, expression, connection)
            ^^^^^^^^^^^^^^^^^^^^^^^^^^^^^^^^^^^^^^^^
  File "C:\Users\DINESH\Dropbox\PC\Desktop\studies\cibil_score_checker\score_checker\env\Lib\site-packages\django\db\backends\mysql\operations.py", line 335, in convert_uuidfield_value
    value = uuid.UUID(value)
            ^^^^^^^^^^^^^^^^
  File "C:\Users\DINESH\AppData\Local\Programs\Python\Python311\Lib\uuid.py", line 178, in __init__
    raise ValueError('badly formed hexadecimal UUID string')
ValueError: badly formed hexadecimal UUID string
ERROR 2025-06-22 21:30:38,755 basehttp 12672 13956 "GET /loans/ HTTP/1.1" 500 150999
INFO 2025-06-22 21:34:28,107 autoreload 12672 31272 C:\Users\DINESH\Dropbox\PC\Desktop\studies\cibil_score_checker\score_checker\main_app\models.py changed, reloading.
INFO 2025-06-22 21:34:29,394 autoreload 8424 34312 Watching for file changes with StatReloader
INFO 2025-06-22 21:34:31,904 autoreload 8424 34312 C:\Users\DINESH\Dropbox\PC\Desktop\studies\cibil_score_checker\score_checker\main_app\models.py changed, reloading.
INFO 2025-06-22 21:34:33,168 autoreload 2940 30928 Watching for file changes with StatReloader
INFO 2025-06-22 21:37:38,197 autoreload 2940 30928 C:\Users\DINESH\Dropbox\PC\Desktop\studies\cibil_score_checker\score_checker\main_app\models.py changed, reloading.
INFO 2025-06-22 21:37:39,590 autoreload 25200 20712 Watching for file changes with StatReloader
INFO 2025-06-22 21:37:42,224 autoreload 25200 20712 C:\Users\DINESH\Dropbox\PC\Desktop\studies\cibil_score_checker\score_checker\main_app\models.py changed, reloading.
INFO 2025-06-22 21:37:43,241 autoreload 34476 16436 Watching for file changes with StatReloader
INFO 2025-06-22 21:40:51,076 autoreload 33448 23384 Watching for file changes with StatReloader
WARNING 2025-06-22 21:40:57,385 log 33448 30856 Not Found: /
WARNING 2025-06-22 21:40:57,387 basehttp 33448 30856 "GET / HTTP/1.1" 404 4890
WARNING 2025-06-22 21:41:41,197 log 33448 30692 Bad Request: /loans/
WARNING 2025-06-22 21:41:41,199 basehttp 33448 30692 "POST /loans/ HTTP/1.1" 400 532
INFO 2025-06-22 21:41:45,111 basehttp 33448 30692 "GET /loans/ HTTP/1.1" 200 467
WARNING 2025-06-22 21:42:14,301 log 33448 30692 Not Found: /credit_cards/
WARNING 2025-06-22 21:42:14,302 basehttp 33448 30692 "GET /credit_cards/ HTTP/1.1" 404 4947
ERROR 2025-06-22 21:42:29,645 log 33448 30692 Internal Server Error: /credit-cards/
Traceback (most recent call last):
  File "C:\Users\DINESH\Dropbox\PC\Desktop\studies\cibil_score_checker\score_checker\env\Lib\site-packages\django\db\backends\utils.py", line 89, in _execute
    return self.cursor.execute(sql, params)
           ^^^^^^^^^^^^^^^^^^^^^^^^^^^^^^^^
  File "C:\Users\DINESH\Dropbox\PC\Desktop\studies\cibil_score_checker\score_checker\env\Lib\site-packages\django\db\backends\mysql\base.py", line 75, in execute
    return self.cursor.execute(query, args)
           ^^^^^^^^^^^^^^^^^^^^^^^^^^^^^^^^
  File "C:\Users\DINESH\Dropbox\PC\Desktop\studies\cibil_score_checker\score_checker\env\Lib\site-packages\MySQLdb\cursors.py", line 179, in execute
    res = self._query(mogrified_query)
          ^^^^^^^^^^^^^^^^^^^^^^^^^^^^
  File "C:\Users\DINESH\Dropbox\PC\Desktop\studies\cibil_score_checker\score_checker\env\Lib\site-packages\MySQLdb\cursors.py", line 330, in _query
    db.query(q)
  File "C:\Users\DINESH\Dropbox\PC\Desktop\studies\cibil_score_checker\score_checker\env\Lib\site-packages\MySQLdb\connections.py", line 255, in query
    _mysql.connection.query(self, query)
MySQLdb.ProgrammingError: (1146, "Table 'cibil_checkerr.main_app_creditcard' doesn't exist")

The above exception was the direct cause of the following exception:

Traceback (most recent call last):
  File "C:\Users\DINESH\Dropbox\PC\Desktop\studies\cibil_score_checker\score_checker\env\Lib\site-packages\django\core\handlers\exception.py", line 56, in inner
    response = get_response(request)
               ^^^^^^^^^^^^^^^^^^^^^
  File "C:\Users\DINESH\Dropbox\PC\Desktop\studies\cibil_score_checker\score_checker\env\Lib\site-packages\django\core\handlers\base.py", line 197, in _get_response
    response = wrapped_callback(request, *callback_args, **callback_kwargs)
               ^^^^^^^^^^^^^^^^^^^^^^^^^^^^^^^^^^^^^^^^^^^^^^^^^^^^^^^^^^^^
  File "C:\Users\DINESH\Dropbox\PC\Desktop\studies\cibil_score_checker\score_checker\env\Lib\site-packages\django\views\decorators\csrf.py", line 55, in wrapped_view
    return view_func(*args, **kwargs)
           ^^^^^^^^^^^^^^^^^^^^^^^^^^
  File "C:\Users\DINESH\Dropbox\PC\Desktop\studies\cibil_score_checker\score_checker\env\Lib\site-packages\django\views\generic\base.py", line 84, in view
    return self.dispatch(request, *args, **kwargs)
           ^^^^^^^^^^^^^^^^^^^^^^^^^^^^^^^^^^^^^^^
  File "C:\Users\DINESH\Dropbox\PC\Desktop\studies\cibil_score_checker\score_checker\env\Lib\site-packages\rest_framework\views.py", line 509, in dispatch
    response = self.handle_exception(exc)
               ^^^^^^^^^^^^^^^^^^^^^^^^^^
  File "C:\Users\DINESH\Dropbox\PC\Desktop\studies\cibil_score_checker\score_checker\env\Lib\site-packages\rest_framework\views.py", line 469, in handle_exception
    self.raise_uncaught_exception(exc)
  File "C:\Users\DINESH\Dropbox\PC\Desktop\studies\cibil_score_checker\score_checker\env\Lib\site-packages\rest_framework\views.py", line 480, in raise_uncaught_exception
    raise exc
  File "C:\Users\DINESH\Dropbox\PC\Desktop\studies\cibil_score_checker\score_checker\env\Lib\site-packages\rest_framework\views.py", line 506, in dispatch
    response = handler(request, *args, **kwargs)
               ^^^^^^^^^^^^^^^^^^^^^^^^^^^^^^^^^
  File "C:\Users\DINESH\Dropbox\PC\Desktop\studies\cibil_score_checker\score_checker\env\Lib\site-packages\rest_framework\generics.py", line 239, in get
    return self.list(request, *args, **kwargs)
           ^^^^^^^^^^^^^^^^^^^^^^^^^^^^^^^^^^^
  File "C:\Users\DINESH\Dropbox\PC\Desktop\studies\cibil_score_checker\score_checker\env\Lib\site-packages\rest_framework\mixins.py", line 40, in list
    page = self.paginate_queryset(queryset)
           ^^^^^^^^^^^^^^^^^^^^^^^^^^^^^^^^
  File "C:\Users\DINESH\Dropbox\PC\Desktop\studies\cibil_score_checker\score_checker\env\Lib\site-packages\rest_framework\generics.py", line 171, in paginate_queryset
    return self.paginator.paginate_queryset(queryset, self.request, view=self)
           ^^^^^^^^^^^^^^^^^^^^^^^^^^^^^^^^^^^^^^^^^^^^^^^^^^^^^^^^^^^^^^^^^^^
  File "C:\Users\DINESH\Dropbox\PC\Desktop\studies\cibil_score_checker\score_checker\env\Lib\site-packages\rest_framework\pagination.py", line 204, in paginate_queryset
    self.page = paginator.page(page_number)
                ^^^^^^^^^^^^^^^^^^^^^^^^^^^
  File "C:\Users\DINESH\Dropbox\PC\Desktop\studies\cibil_score_checker\score_checker\env\Lib\site-packages\django\core\paginator.py", line 75, in page
    number = self.validate_number(number)
             ^^^^^^^^^^^^^^^^^^^^^^^^^^^^
  File "C:\Users\DINESH\Dropbox\PC\Desktop\studies\cibil_score_checker\score_checker\env\Lib\site-packages\django\core\paginator.py", line 53, in validate_number
    if number > self.num_pages:
                ^^^^^^^^^^^^^^
  File "C:\Users\DINESH\Dropbox\PC\Desktop\studies\cibil_score_checker\score_checker\env\Lib\site-packages\django\utils\functional.py", line 49, in __get__
    res = instance.__dict__[self.name] = self.func(instance)
                                         ^^^^^^^^^^^^^^^^^^^
  File "C:\Users\DINESH\Dropbox\PC\Desktop\studies\cibil_score_checker\score_checker\env\Lib\site-packages\django\core\paginator.py", line 102, in num_pages
    if self.count == 0 and not self.allow_empty_first_page:
       ^^^^^^^^^^
  File "C:\Users\DINESH\Dropbox\PC\Desktop\studies\cibil_score_checker\score_checker\env\Lib\site-packages\django\utils\functional.py", line 49, in __get__
    res = instance.__dict__[self.name] = self.func(instance)
                                         ^^^^^^^^^^^^^^^^^^^
  File "C:\Users\DINESH\Dropbox\PC\Desktop\studies\cibil_score_checker\score_checker\env\Lib\site-packages\django\core\paginator.py", line 96, in count
    return c()
           ^^^
  File "C:\Users\DINESH\Dropbox\PC\Desktop\studies\cibil_score_checker\score_checker\env\Lib\site-packages\django\db\models\query.py", line 470, in count
    return self.query.get_count(using=self.db)
           ^^^^^^^^^^^^^^^^^^^^^^^^^^^^^^^^^^^
  File "C:\Users\DINESH\Dropbox\PC\Desktop\studies\cibil_score_checker\score_checker\env\Lib\site-packages\django\db\models\sql\query.py", line 552, in get_count
    number = obj.get_aggregation(using, ["__count"])["__count"]
             ^^^^^^^^^^^^^^^^^^^^^^^^^^^^^^^^^^^^^^^
  File "C:\Users\DINESH\Dropbox\PC\Desktop\studies\cibil_score_checker\score_checker\env\Lib\site-packages\django\db\models\sql\query.py", line 537, in get_aggregation
    result = compiler.execute_sql(SINGLE)
             ^^^^^^^^^^^^^^^^^^^^^^^^^^^^
  File "C:\Users\DINESH\Dropbox\PC\Desktop\studies\cibil_score_checker\score_checker\env\Lib\site-packages\django\db\models\sql\compiler.py", line 1361, in execute_sql
    cursor.execute(sql, params)
  File "C:\Users\DINESH\Dropbox\PC\Desktop\studies\cibil_score_checker\score_checker\env\Lib\site-packages\django\db\backends\utils.py", line 102, in execute
    return super().execute(sql, params)
           ^^^^^^^^^^^^^^^^^^^^^^^^^^^^
  File "C:\Users\DINESH\Dropbox\PC\Desktop\studies\cibil_score_checker\score_checker\env\Lib\site-packages\django\db\backends\utils.py", line 67, in execute
    return self._execute_with_wrappers(
           ^^^^^^^^^^^^^^^^^^^^^^^^^^^^
  File "C:\Users\DINESH\Dropbox\PC\Desktop\studies\cibil_score_checker\score_checker\env\Lib\site-packages\django\db\backends\utils.py", line 80, in _execute_with_wrappers
    return executor(sql, params, many, context)
           ^^^^^^^^^^^^^^^^^^^^^^^^^^^^^^^^^^^^
  File "C:\Users\DINESH\Dropbox\PC\Desktop\studies\cibil_score_checker\score_checker\env\Lib\site-packages\django\db\backends\utils.py", line 84, in _execute
    with self.db.wrap_database_errors:
  File "C:\Users\DINESH\Dropbox\PC\Desktop\studies\cibil_score_checker\score_checker\env\Lib\site-packages\django\db\utils.py", line 91, in __exit__
    raise dj_exc_value.with_traceback(traceback) from exc_value
  File "C:\Users\DINESH\Dropbox\PC\Desktop\studies\cibil_score_checker\score_checker\env\Lib\site-packages\django\db\backends\utils.py", line 89, in _execute
    return self.cursor.execute(sql, params)
           ^^^^^^^^^^^^^^^^^^^^^^^^^^^^^^^^
  File "C:\Users\DINESH\Dropbox\PC\Desktop\studies\cibil_score_checker\score_checker\env\Lib\site-packages\django\db\backends\mysql\base.py", line 75, in execute
    return self.cursor.execute(query, args)
           ^^^^^^^^^^^^^^^^^^^^^^^^^^^^^^^^
  File "C:\Users\DINESH\Dropbox\PC\Desktop\studies\cibil_score_checker\score_checker\env\Lib\site-packages\MySQLdb\cursors.py", line 179, in execute
    res = self._query(mogrified_query)
          ^^^^^^^^^^^^^^^^^^^^^^^^^^^^
  File "C:\Users\DINESH\Dropbox\PC\Desktop\studies\cibil_score_checker\score_checker\env\Lib\site-packages\MySQLdb\cursors.py", line 330, in _query
    db.query(q)
  File "C:\Users\DINESH\Dropbox\PC\Desktop\studies\cibil_score_checker\score_checker\env\Lib\site-packages\MySQLdb\connections.py", line 255, in query
    _mysql.connection.query(self, query)
django.db.utils.ProgrammingError: (1146, "Table 'cibil_checkerr.main_app_creditcard' doesn't exist")
ERROR 2025-06-22 21:42:29,662 basehttp 33448 30692 "GET /credit-cards/ HTTP/1.1" 500 221205
ERROR 2025-06-22 21:43:25,551 log 33448 30692 Internal Server Error: /bank-accounts/
Traceback (most recent call last):
  File "C:\Users\DINESH\Dropbox\PC\Desktop\studies\cibil_score_checker\score_checker\env\Lib\site-packages\django\db\backends\utils.py", line 89, in _execute
    return self.cursor.execute(sql, params)
           ^^^^^^^^^^^^^^^^^^^^^^^^^^^^^^^^
  File "C:\Users\DINESH\Dropbox\PC\Desktop\studies\cibil_score_checker\score_checker\env\Lib\site-packages\django\db\backends\mysql\base.py", line 75, in execute
    return self.cursor.execute(query, args)
           ^^^^^^^^^^^^^^^^^^^^^^^^^^^^^^^^
  File "C:\Users\DINESH\Dropbox\PC\Desktop\studies\cibil_score_checker\score_checker\env\Lib\site-packages\MySQLdb\cursors.py", line 179, in execute
    res = self._query(mogrified_query)
          ^^^^^^^^^^^^^^^^^^^^^^^^^^^^
  File "C:\Users\DINESH\Dropbox\PC\Desktop\studies\cibil_score_checker\score_checker\env\Lib\site-packages\MySQLdb\cursors.py", line 330, in _query
    db.query(q)
  File "C:\Users\DINESH\Dropbox\PC\Desktop\studies\cibil_score_checker\score_checker\env\Lib\site-packages\MySQLdb\connections.py", line 255, in query
    _mysql.connection.query(self, query)
MySQLdb.ProgrammingError: (1146, "Table 'cibil_checkerr.main_app_bankaccount' doesn't exist")

The above exception was the direct cause of the following exception:

Traceback (most recent call last):
  File "C:\Users\DINESH\Dropbox\PC\Desktop\studies\cibil_score_checker\score_checker\env\Lib\site-packages\django\core\handlers\exception.py", line 56, in inner
    response = get_response(request)
               ^^^^^^^^^^^^^^^^^^^^^
  File "C:\Users\DINESH\Dropbox\PC\Desktop\studies\cibil_score_checker\score_checker\env\Lib\site-packages\django\core\handlers\base.py", line 197, in _get_response
    response = wrapped_callback(request, *callback_args, **callback_kwargs)
               ^^^^^^^^^^^^^^^^^^^^^^^^^^^^^^^^^^^^^^^^^^^^^^^^^^^^^^^^^^^^
  File "C:\Users\DINESH\Dropbox\PC\Desktop\studies\cibil_score_checker\score_checker\env\Lib\site-packages\django\views\decorators\csrf.py", line 55, in wrapped_view
    return view_func(*args, **kwargs)
           ^^^^^^^^^^^^^^^^^^^^^^^^^^
  File "C:\Users\DINESH\Dropbox\PC\Desktop\studies\cibil_score_checker\score_checker\env\Lib\site-packages\django\views\generic\base.py", line 84, in view
    return self.dispatch(request, *args, **kwargs)
           ^^^^^^^^^^^^^^^^^^^^^^^^^^^^^^^^^^^^^^^
  File "C:\Users\DINESH\Dropbox\PC\Desktop\studies\cibil_score_checker\score_checker\env\Lib\site-packages\rest_framework\views.py", line 509, in dispatch
    response = self.handle_exception(exc)
               ^^^^^^^^^^^^^^^^^^^^^^^^^^
  File "C:\Users\DINESH\Dropbox\PC\Desktop\studies\cibil_score_checker\score_checker\env\Lib\site-packages\rest_framework\views.py", line 469, in handle_exception
    self.raise_uncaught_exception(exc)
  File "C:\Users\DINESH\Dropbox\PC\Desktop\studies\cibil_score_checker\score_checker\env\Lib\site-packages\rest_framework\views.py", line 480, in raise_uncaught_exception
    raise exc
  File "C:\Users\DINESH\Dropbox\PC\Desktop\studies\cibil_score_checker\score_checker\env\Lib\site-packages\rest_framework\views.py", line 506, in dispatch
    response = handler(request, *args, **kwargs)
               ^^^^^^^^^^^^^^^^^^^^^^^^^^^^^^^^^
  File "C:\Users\DINESH\Dropbox\PC\Desktop\studies\cibil_score_checker\score_checker\env\Lib\site-packages\rest_framework\generics.py", line 239, in get
    return self.list(request, *args, **kwargs)
           ^^^^^^^^^^^^^^^^^^^^^^^^^^^^^^^^^^^
  File "C:\Users\DINESH\Dropbox\PC\Desktop\studies\cibil_score_checker\score_checker\env\Lib\site-packages\rest_framework\mixins.py", line 40, in list
    page = self.paginate_queryset(queryset)
           ^^^^^^^^^^^^^^^^^^^^^^^^^^^^^^^^
  File "C:\Users\DINESH\Dropbox\PC\Desktop\studies\cibil_score_checker\score_checker\env\Lib\site-packages\rest_framework\generics.py", line 171, in paginate_queryset
    return self.paginator.paginate_queryset(queryset, self.request, view=self)
           ^^^^^^^^^^^^^^^^^^^^^^^^^^^^^^^^^^^^^^^^^^^^^^^^^^^^^^^^^^^^^^^^^^^
  File "C:\Users\DINESH\Dropbox\PC\Desktop\studies\cibil_score_checker\score_checker\env\Lib\site-packages\rest_framework\pagination.py", line 204, in paginate_queryset
    self.page = paginator.page(page_number)
                ^^^^^^^^^^^^^^^^^^^^^^^^^^^
  File "C:\Users\DINESH\Dropbox\PC\Desktop\studies\cibil_score_checker\score_checker\env\Lib\site-packages\django\core\paginator.py", line 75, in page
    number = self.validate_number(number)
             ^^^^^^^^^^^^^^^^^^^^^^^^^^^^
  File "C:\Users\DINESH\Dropbox\PC\Desktop\studies\cibil_score_checker\score_checker\env\Lib\site-packages\django\core\paginator.py", line 53, in validate_number
    if number > self.num_pages:
                ^^^^^^^^^^^^^^
  File "C:\Users\DINESH\Dropbox\PC\Desktop\studies\cibil_score_checker\score_checker\env\Lib\site-packages\django\utils\functional.py", line 49, in __get__
    res = instance.__dict__[self.name] = self.func(instance)
                                         ^^^^^^^^^^^^^^^^^^^
  File "C:\Users\DINESH\Dropbox\PC\Desktop\studies\cibil_score_checker\score_checker\env\Lib\site-packages\django\core\paginator.py", line 102, in num_pages
    if self.count == 0 and not self.allow_empty_first_page:
       ^^^^^^^^^^
  File "C:\Users\DINESH\Dropbox\PC\Desktop\studies\cibil_score_checker\score_checker\env\Lib\site-packages\django\utils\functional.py", line 49, in __get__
    res = instance.__dict__[self.name] = self.func(instance)
                                         ^^^^^^^^^^^^^^^^^^^
  File "C:\Users\DINESH\Dropbox\PC\Desktop\studies\cibil_score_checker\score_checker\env\Lib\site-packages\django\core\paginator.py", line 96, in count
    return c()
           ^^^
  File "C:\Users\DINESH\Dropbox\PC\Desktop\studies\cibil_score_checker\score_checker\env\Lib\site-packages\django\db\models\query.py", line 470, in count
    return self.query.get_count(using=self.db)
           ^^^^^^^^^^^^^^^^^^^^^^^^^^^^^^^^^^^
  File "C:\Users\DINESH\Dropbox\PC\Desktop\studies\cibil_score_checker\score_checker\env\Lib\site-packages\django\db\models\sql\query.py", line 552, in get_count
    number = obj.get_aggregation(using, ["__count"])["__count"]
             ^^^^^^^^^^^^^^^^^^^^^^^^^^^^^^^^^^^^^^^
  File "C:\Users\DINESH\Dropbox\PC\Desktop\studies\cibil_score_checker\score_checker\env\Lib\site-packages\django\db\models\sql\query.py", line 537, in get_aggregation
    result = compiler.execute_sql(SINGLE)
             ^^^^^^^^^^^^^^^^^^^^^^^^^^^^
  File "C:\Users\DINESH\Dropbox\PC\Desktop\studies\cibil_score_checker\score_checker\env\Lib\site-packages\django\db\models\sql\compiler.py", line 1361, in execute_sql
    cursor.execute(sql, params)
  File "C:\Users\DINESH\Dropbox\PC\Desktop\studies\cibil_score_checker\score_checker\env\Lib\site-packages\django\db\backends\utils.py", line 102, in execute
    return super().execute(sql, params)
           ^^^^^^^^^^^^^^^^^^^^^^^^^^^^
  File "C:\Users\DINESH\Dropbox\PC\Desktop\studies\cibil_score_checker\score_checker\env\Lib\site-packages\django\db\backends\utils.py", line 67, in execute
    return self._execute_with_wrappers(
           ^^^^^^^^^^^^^^^^^^^^^^^^^^^^
  File "C:\Users\DINESH\Dropbox\PC\Desktop\studies\cibil_score_checker\score_checker\env\Lib\site-packages\django\db\backends\utils.py", line 80, in _execute_with_wrappers
    return executor(sql, params, many, context)
           ^^^^^^^^^^^^^^^^^^^^^^^^^^^^^^^^^^^^
  File "C:\Users\DINESH\Dropbox\PC\Desktop\studies\cibil_score_checker\score_checker\env\Lib\site-packages\django\db\backends\utils.py", line 84, in _execute
    with self.db.wrap_database_errors:
  File "C:\Users\DINESH\Dropbox\PC\Desktop\studies\cibil_score_checker\score_checker\env\Lib\site-packages\django\db\utils.py", line 91, in __exit__
    raise dj_exc_value.with_traceback(traceback) from exc_value
  File "C:\Users\DINESH\Dropbox\PC\Desktop\studies\cibil_score_checker\score_checker\env\Lib\site-packages\django\db\backends\utils.py", line 89, in _execute
    return self.cursor.execute(sql, params)
           ^^^^^^^^^^^^^^^^^^^^^^^^^^^^^^^^
  File "C:\Users\DINESH\Dropbox\PC\Desktop\studies\cibil_score_checker\score_checker\env\Lib\site-packages\django\db\backends\mysql\base.py", line 75, in execute
    return self.cursor.execute(query, args)
           ^^^^^^^^^^^^^^^^^^^^^^^^^^^^^^^^
  File "C:\Users\DINESH\Dropbox\PC\Desktop\studies\cibil_score_checker\score_checker\env\Lib\site-packages\MySQLdb\cursors.py", line 179, in execute
    res = self._query(mogrified_query)
          ^^^^^^^^^^^^^^^^^^^^^^^^^^^^
  File "C:\Users\DINESH\Dropbox\PC\Desktop\studies\cibil_score_checker\score_checker\env\Lib\site-packages\MySQLdb\cursors.py", line 330, in _query
    db.query(q)
  File "C:\Users\DINESH\Dropbox\PC\Desktop\studies\cibil_score_checker\score_checker\env\Lib\site-packages\MySQLdb\connections.py", line 255, in query
    _mysql.connection.query(self, query)
django.db.utils.ProgrammingError: (1146, "Table 'cibil_checkerr.main_app_bankaccount' doesn't exist")
ERROR 2025-06-22 21:43:25,566 basehttp 33448 30692 "GET /bank-accounts/ HTTP/1.1" 500 221268
INFO 2025-06-22 21:44:48,158 autoreload 33448 23384 C:\Users\DINESH\Dropbox\PC\Desktop\studies\cibil_score_checker\score_checker\main_app\models.py changed, reloading.
INFO 2025-06-22 21:44:49,345 autoreload 27460 33956 Watching for file changes with StatReloader
INFO 2025-06-22 21:44:57,678 autoreload 27460 33956 C:\Users\DINESH\Dropbox\PC\Desktop\studies\cibil_score_checker\score_checker\main_app\models.py changed, reloading.
INFO 2025-06-22 21:44:58,930 autoreload 5056 5856 Watching for file changes with StatReloader
INFO 2025-06-22 21:45:02,953 autoreload 5056 5856 C:\Users\DINESH\Dropbox\PC\Desktop\studies\cibil_score_checker\score_checker\main_app\models.py changed, reloading.
INFO 2025-06-22 21:45:04,149 autoreload 31288 32204 Watching for file changes with StatReloader
ERROR 2025-06-22 21:45:05,766 log 31288 10936 Internal Server Error: /bank-accounts/
Traceback (most recent call last):
  File "C:\Users\DINESH\Dropbox\PC\Desktop\studies\cibil_score_checker\score_checker\env\Lib\site-packages\django\db\backends\utils.py", line 89, in _execute
    return self.cursor.execute(sql, params)
           ^^^^^^^^^^^^^^^^^^^^^^^^^^^^^^^^
  File "C:\Users\DINESH\Dropbox\PC\Desktop\studies\cibil_score_checker\score_checker\env\Lib\site-packages\django\db\backends\mysql\base.py", line 75, in execute
    return self.cursor.execute(query, args)
           ^^^^^^^^^^^^^^^^^^^^^^^^^^^^^^^^
  File "C:\Users\DINESH\Dropbox\PC\Desktop\studies\cibil_score_checker\score_checker\env\Lib\site-packages\MySQLdb\cursors.py", line 179, in execute
    res = self._query(mogrified_query)
          ^^^^^^^^^^^^^^^^^^^^^^^^^^^^
  File "C:\Users\DINESH\Dropbox\PC\Desktop\studies\cibil_score_checker\score_checker\env\Lib\site-packages\MySQLdb\cursors.py", line 330, in _query
    db.query(q)
  File "C:\Users\DINESH\Dropbox\PC\Desktop\studies\cibil_score_checker\score_checker\env\Lib\site-packages\MySQLdb\connections.py", line 255, in query
    _mysql.connection.query(self, query)
MySQLdb.ProgrammingError: (1146, "Table 'cibil_checkerr.main_app_bank_accounts' doesn't exist")

The above exception was the direct cause of the following exception:

Traceback (most recent call last):
  File "C:\Users\DINESH\Dropbox\PC\Desktop\studies\cibil_score_checker\score_checker\env\Lib\site-packages\django\core\handlers\exception.py", line 56, in inner
    response = get_response(request)
               ^^^^^^^^^^^^^^^^^^^^^
  File "C:\Users\DINESH\Dropbox\PC\Desktop\studies\cibil_score_checker\score_checker\env\Lib\site-packages\django\core\handlers\base.py", line 197, in _get_response
    response = wrapped_callback(request, *callback_args, **callback_kwargs)
               ^^^^^^^^^^^^^^^^^^^^^^^^^^^^^^^^^^^^^^^^^^^^^^^^^^^^^^^^^^^^
  File "C:\Users\DINESH\Dropbox\PC\Desktop\studies\cibil_score_checker\score_checker\env\Lib\site-packages\django\views\decorators\csrf.py", line 55, in wrapped_view
    return view_func(*args, **kwargs)
           ^^^^^^^^^^^^^^^^^^^^^^^^^^
  File "C:\Users\DINESH\Dropbox\PC\Desktop\studies\cibil_score_checker\score_checker\env\Lib\site-packages\django\views\generic\base.py", line 84, in view
    return self.dispatch(request, *args, **kwargs)
           ^^^^^^^^^^^^^^^^^^^^^^^^^^^^^^^^^^^^^^^
  File "C:\Users\DINESH\Dropbox\PC\Desktop\studies\cibil_score_checker\score_checker\env\Lib\site-packages\rest_framework\views.py", line 509, in dispatch
    response = self.handle_exception(exc)
               ^^^^^^^^^^^^^^^^^^^^^^^^^^
  File "C:\Users\DINESH\Dropbox\PC\Desktop\studies\cibil_score_checker\score_checker\env\Lib\site-packages\rest_framework\views.py", line 469, in handle_exception
    self.raise_uncaught_exception(exc)
  File "C:\Users\DINESH\Dropbox\PC\Desktop\studies\cibil_score_checker\score_checker\env\Lib\site-packages\rest_framework\views.py", line 480, in raise_uncaught_exception
    raise exc
  File "C:\Users\DINESH\Dropbox\PC\Desktop\studies\cibil_score_checker\score_checker\env\Lib\site-packages\rest_framework\views.py", line 506, in dispatch
    response = handler(request, *args, **kwargs)
               ^^^^^^^^^^^^^^^^^^^^^^^^^^^^^^^^^
  File "C:\Users\DINESH\Dropbox\PC\Desktop\studies\cibil_score_checker\score_checker\env\Lib\site-packages\rest_framework\generics.py", line 239, in get
    return self.list(request, *args, **kwargs)
           ^^^^^^^^^^^^^^^^^^^^^^^^^^^^^^^^^^^
  File "C:\Users\DINESH\Dropbox\PC\Desktop\studies\cibil_score_checker\score_checker\env\Lib\site-packages\rest_framework\mixins.py", line 40, in list
    page = self.paginate_queryset(queryset)
           ^^^^^^^^^^^^^^^^^^^^^^^^^^^^^^^^
  File "C:\Users\DINESH\Dropbox\PC\Desktop\studies\cibil_score_checker\score_checker\env\Lib\site-packages\rest_framework\generics.py", line 171, in paginate_queryset
    return self.paginator.paginate_queryset(queryset, self.request, view=self)
           ^^^^^^^^^^^^^^^^^^^^^^^^^^^^^^^^^^^^^^^^^^^^^^^^^^^^^^^^^^^^^^^^^^^
  File "C:\Users\DINESH\Dropbox\PC\Desktop\studies\cibil_score_checker\score_checker\env\Lib\site-packages\rest_framework\pagination.py", line 204, in paginate_queryset
    self.page = paginator.page(page_number)
                ^^^^^^^^^^^^^^^^^^^^^^^^^^^
  File "C:\Users\DINESH\Dropbox\PC\Desktop\studies\cibil_score_checker\score_checker\env\Lib\site-packages\django\core\paginator.py", line 75, in page
    number = self.validate_number(number)
             ^^^^^^^^^^^^^^^^^^^^^^^^^^^^
  File "C:\Users\DINESH\Dropbox\PC\Desktop\studies\cibil_score_checker\score_checker\env\Lib\site-packages\django\core\paginator.py", line 53, in validate_number
    if number > self.num_pages:
                ^^^^^^^^^^^^^^
  File "C:\Users\DINESH\Dropbox\PC\Desktop\studies\cibil_score_checker\score_checker\env\Lib\site-packages\django\utils\functional.py", line 49, in __get__
    res = instance.__dict__[self.name] = self.func(instance)
                                         ^^^^^^^^^^^^^^^^^^^
  File "C:\Users\DINESH\Dropbox\PC\Desktop\studies\cibil_score_checker\score_checker\env\Lib\site-packages\django\core\paginator.py", line 102, in num_pages
    if self.count == 0 and not self.allow_empty_first_page:
       ^^^^^^^^^^
  File "C:\Users\DINESH\Dropbox\PC\Desktop\studies\cibil_score_checker\score_checker\env\Lib\site-packages\django\utils\functional.py", line 49, in __get__
    res = instance.__dict__[self.name] = self.func(instance)
                                         ^^^^^^^^^^^^^^^^^^^
  File "C:\Users\DINESH\Dropbox\PC\Desktop\studies\cibil_score_checker\score_checker\env\Lib\site-packages\django\core\paginator.py", line 96, in count
    return c()
           ^^^
  File "C:\Users\DINESH\Dropbox\PC\Desktop\studies\cibil_score_checker\score_checker\env\Lib\site-packages\django\db\models\query.py", line 470, in count
    return self.query.get_count(using=self.db)
           ^^^^^^^^^^^^^^^^^^^^^^^^^^^^^^^^^^^
  File "C:\Users\DINESH\Dropbox\PC\Desktop\studies\cibil_score_checker\score_checker\env\Lib\site-packages\django\db\models\sql\query.py", line 552, in get_count
    number = obj.get_aggregation(using, ["__count"])["__count"]
             ^^^^^^^^^^^^^^^^^^^^^^^^^^^^^^^^^^^^^^^
  File "C:\Users\DINESH\Dropbox\PC\Desktop\studies\cibil_score_checker\score_checker\env\Lib\site-packages\django\db\models\sql\query.py", line 537, in get_aggregation
    result = compiler.execute_sql(SINGLE)
             ^^^^^^^^^^^^^^^^^^^^^^^^^^^^
  File "C:\Users\DINESH\Dropbox\PC\Desktop\studies\cibil_score_checker\score_checker\env\Lib\site-packages\django\db\models\sql\compiler.py", line 1361, in execute_sql
    cursor.execute(sql, params)
  File "C:\Users\DINESH\Dropbox\PC\Desktop\studies\cibil_score_checker\score_checker\env\Lib\site-packages\django\db\backends\utils.py", line 102, in execute
    return super().execute(sql, params)
           ^^^^^^^^^^^^^^^^^^^^^^^^^^^^
  File "C:\Users\DINESH\Dropbox\PC\Desktop\studies\cibil_score_checker\score_checker\env\Lib\site-packages\django\db\backends\utils.py", line 67, in execute
    return self._execute_with_wrappers(
           ^^^^^^^^^^^^^^^^^^^^^^^^^^^^
  File "C:\Users\DINESH\Dropbox\PC\Desktop\studies\cibil_score_checker\score_checker\env\Lib\site-packages\django\db\backends\utils.py", line 80, in _execute_with_wrappers
    return executor(sql, params, many, context)
           ^^^^^^^^^^^^^^^^^^^^^^^^^^^^^^^^^^^^
  File "C:\Users\DINESH\Dropbox\PC\Desktop\studies\cibil_score_checker\score_checker\env\Lib\site-packages\django\db\backends\utils.py", line 84, in _execute
    with self.db.wrap_database_errors:
  File "C:\Users\DINESH\Dropbox\PC\Desktop\studies\cibil_score_checker\score_checker\env\Lib\site-packages\django\db\utils.py", line 91, in __exit__
    raise dj_exc_value.with_traceback(traceback) from exc_value
  File "C:\Users\DINESH\Dropbox\PC\Desktop\studies\cibil_score_checker\score_checker\env\Lib\site-packages\django\db\backends\utils.py", line 89, in _execute
    return self.cursor.execute(sql, params)
           ^^^^^^^^^^^^^^^^^^^^^^^^^^^^^^^^
  File "C:\Users\DINESH\Dropbox\PC\Desktop\studies\cibil_score_checker\score_checker\env\Lib\site-packages\django\db\backends\mysql\base.py", line 75, in execute
    return self.cursor.execute(query, args)
           ^^^^^^^^^^^^^^^^^^^^^^^^^^^^^^^^
  File "C:\Users\DINESH\Dropbox\PC\Desktop\studies\cibil_score_checker\score_checker\env\Lib\site-packages\MySQLdb\cursors.py", line 179, in execute
    res = self._query(mogrified_query)
          ^^^^^^^^^^^^^^^^^^^^^^^^^^^^
  File "C:\Users\DINESH\Dropbox\PC\Desktop\studies\cibil_score_checker\score_checker\env\Lib\site-packages\MySQLdb\cursors.py", line 330, in _query
    db.query(q)
  File "C:\Users\DINESH\Dropbox\PC\Desktop\studies\cibil_score_checker\score_checker\env\Lib\site-packages\MySQLdb\connections.py", line 255, in query
    _mysql.connection.query(self, query)
django.db.utils.ProgrammingError: (1146, "Table 'cibil_checkerr.main_app_bank_accounts' doesn't exist")
ERROR 2025-06-22 21:45:05,782 basehttp 31288 10936 "GET /bank-accounts/ HTTP/1.1" 500 221332
ERROR 2025-06-22 21:45:07,126 log 31288 10936 Internal Server Error: /bank-accounts/
Traceback (most recent call last):
  File "C:\Users\DINESH\Dropbox\PC\Desktop\studies\cibil_score_checker\score_checker\env\Lib\site-packages\django\db\backends\utils.py", line 89, in _execute
    return self.cursor.execute(sql, params)
           ^^^^^^^^^^^^^^^^^^^^^^^^^^^^^^^^
  File "C:\Users\DINESH\Dropbox\PC\Desktop\studies\cibil_score_checker\score_checker\env\Lib\site-packages\django\db\backends\mysql\base.py", line 75, in execute
    return self.cursor.execute(query, args)
           ^^^^^^^^^^^^^^^^^^^^^^^^^^^^^^^^
  File "C:\Users\DINESH\Dropbox\PC\Desktop\studies\cibil_score_checker\score_checker\env\Lib\site-packages\MySQLdb\cursors.py", line 179, in execute
    res = self._query(mogrified_query)
          ^^^^^^^^^^^^^^^^^^^^^^^^^^^^
  File "C:\Users\DINESH\Dropbox\PC\Desktop\studies\cibil_score_checker\score_checker\env\Lib\site-packages\MySQLdb\cursors.py", line 330, in _query
    db.query(q)
  File "C:\Users\DINESH\Dropbox\PC\Desktop\studies\cibil_score_checker\score_checker\env\Lib\site-packages\MySQLdb\connections.py", line 255, in query
    _mysql.connection.query(self, query)
MySQLdb.ProgrammingError: (1146, "Table 'cibil_checkerr.main_app_bank_accounts' doesn't exist")

The above exception was the direct cause of the following exception:

Traceback (most recent call last):
  File "C:\Users\DINESH\Dropbox\PC\Desktop\studies\cibil_score_checker\score_checker\env\Lib\site-packages\django\core\handlers\exception.py", line 56, in inner
    response = get_response(request)
               ^^^^^^^^^^^^^^^^^^^^^
  File "C:\Users\DINESH\Dropbox\PC\Desktop\studies\cibil_score_checker\score_checker\env\Lib\site-packages\django\core\handlers\base.py", line 197, in _get_response
    response = wrapped_callback(request, *callback_args, **callback_kwargs)
               ^^^^^^^^^^^^^^^^^^^^^^^^^^^^^^^^^^^^^^^^^^^^^^^^^^^^^^^^^^^^
  File "C:\Users\DINESH\Dropbox\PC\Desktop\studies\cibil_score_checker\score_checker\env\Lib\site-packages\django\views\decorators\csrf.py", line 55, in wrapped_view
    return view_func(*args, **kwargs)
           ^^^^^^^^^^^^^^^^^^^^^^^^^^
  File "C:\Users\DINESH\Dropbox\PC\Desktop\studies\cibil_score_checker\score_checker\env\Lib\site-packages\django\views\generic\base.py", line 84, in view
    return self.dispatch(request, *args, **kwargs)
           ^^^^^^^^^^^^^^^^^^^^^^^^^^^^^^^^^^^^^^^
  File "C:\Users\DINESH\Dropbox\PC\Desktop\studies\cibil_score_checker\score_checker\env\Lib\site-packages\rest_framework\views.py", line 509, in dispatch
    response = self.handle_exception(exc)
               ^^^^^^^^^^^^^^^^^^^^^^^^^^
  File "C:\Users\DINESH\Dropbox\PC\Desktop\studies\cibil_score_checker\score_checker\env\Lib\site-packages\rest_framework\views.py", line 469, in handle_exception
    self.raise_uncaught_exception(exc)
  File "C:\Users\DINESH\Dropbox\PC\Desktop\studies\cibil_score_checker\score_checker\env\Lib\site-packages\rest_framework\views.py", line 480, in raise_uncaught_exception
    raise exc
  File "C:\Users\DINESH\Dropbox\PC\Desktop\studies\cibil_score_checker\score_checker\env\Lib\site-packages\rest_framework\views.py", line 506, in dispatch
    response = handler(request, *args, **kwargs)
               ^^^^^^^^^^^^^^^^^^^^^^^^^^^^^^^^^
  File "C:\Users\DINESH\Dropbox\PC\Desktop\studies\cibil_score_checker\score_checker\env\Lib\site-packages\rest_framework\generics.py", line 239, in get
    return self.list(request, *args, **kwargs)
           ^^^^^^^^^^^^^^^^^^^^^^^^^^^^^^^^^^^
  File "C:\Users\DINESH\Dropbox\PC\Desktop\studies\cibil_score_checker\score_checker\env\Lib\site-packages\rest_framework\mixins.py", line 40, in list
    page = self.paginate_queryset(queryset)
           ^^^^^^^^^^^^^^^^^^^^^^^^^^^^^^^^
  File "C:\Users\DINESH\Dropbox\PC\Desktop\studies\cibil_score_checker\score_checker\env\Lib\site-packages\rest_framework\generics.py", line 171, in paginate_queryset
    return self.paginator.paginate_queryset(queryset, self.request, view=self)
           ^^^^^^^^^^^^^^^^^^^^^^^^^^^^^^^^^^^^^^^^^^^^^^^^^^^^^^^^^^^^^^^^^^^
  File "C:\Users\DINESH\Dropbox\PC\Desktop\studies\cibil_score_checker\score_checker\env\Lib\site-packages\rest_framework\pagination.py", line 204, in paginate_queryset
    self.page = paginator.page(page_number)
                ^^^^^^^^^^^^^^^^^^^^^^^^^^^
  File "C:\Users\DINESH\Dropbox\PC\Desktop\studies\cibil_score_checker\score_checker\env\Lib\site-packages\django\core\paginator.py", line 75, in page
    number = self.validate_number(number)
             ^^^^^^^^^^^^^^^^^^^^^^^^^^^^
  File "C:\Users\DINESH\Dropbox\PC\Desktop\studies\cibil_score_checker\score_checker\env\Lib\site-packages\django\core\paginator.py", line 53, in validate_number
    if number > self.num_pages:
                ^^^^^^^^^^^^^^
  File "C:\Users\DINESH\Dropbox\PC\Desktop\studies\cibil_score_checker\score_checker\env\Lib\site-packages\django\utils\functional.py", line 49, in __get__
    res = instance.__dict__[self.name] = self.func(instance)
                                         ^^^^^^^^^^^^^^^^^^^
  File "C:\Users\DINESH\Dropbox\PC\Desktop\studies\cibil_score_checker\score_checker\env\Lib\site-packages\django\core\paginator.py", line 102, in num_pages
    if self.count == 0 and not self.allow_empty_first_page:
       ^^^^^^^^^^
  File "C:\Users\DINESH\Dropbox\PC\Desktop\studies\cibil_score_checker\score_checker\env\Lib\site-packages\django\utils\functional.py", line 49, in __get__
    res = instance.__dict__[self.name] = self.func(instance)
                                         ^^^^^^^^^^^^^^^^^^^
  File "C:\Users\DINESH\Dropbox\PC\Desktop\studies\cibil_score_checker\score_checker\env\Lib\site-packages\django\core\paginator.py", line 96, in count
    return c()
           ^^^
  File "C:\Users\DINESH\Dropbox\PC\Desktop\studies\cibil_score_checker\score_checker\env\Lib\site-packages\django\db\models\query.py", line 470, in count
    return self.query.get_count(using=self.db)
           ^^^^^^^^^^^^^^^^^^^^^^^^^^^^^^^^^^^
  File "C:\Users\DINESH\Dropbox\PC\Desktop\studies\cibil_score_checker\score_checker\env\Lib\site-packages\django\db\models\sql\query.py", line 552, in get_count
    number = obj.get_aggregation(using, ["__count"])["__count"]
             ^^^^^^^^^^^^^^^^^^^^^^^^^^^^^^^^^^^^^^^
  File "C:\Users\DINESH\Dropbox\PC\Desktop\studies\cibil_score_checker\score_checker\env\Lib\site-packages\django\db\models\sql\query.py", line 537, in get_aggregation
    result = compiler.execute_sql(SINGLE)
             ^^^^^^^^^^^^^^^^^^^^^^^^^^^^
  File "C:\Users\DINESH\Dropbox\PC\Desktop\studies\cibil_score_checker\score_checker\env\Lib\site-packages\django\db\models\sql\compiler.py", line 1361, in execute_sql
    cursor.execute(sql, params)
  File "C:\Users\DINESH\Dropbox\PC\Desktop\studies\cibil_score_checker\score_checker\env\Lib\site-packages\django\db\backends\utils.py", line 102, in execute
    return super().execute(sql, params)
           ^^^^^^^^^^^^^^^^^^^^^^^^^^^^
  File "C:\Users\DINESH\Dropbox\PC\Desktop\studies\cibil_score_checker\score_checker\env\Lib\site-packages\django\db\backends\utils.py", line 67, in execute
    return self._execute_with_wrappers(
           ^^^^^^^^^^^^^^^^^^^^^^^^^^^^
  File "C:\Users\DINESH\Dropbox\PC\Desktop\studies\cibil_score_checker\score_checker\env\Lib\site-packages\django\db\backends\utils.py", line 80, in _execute_with_wrappers
    return executor(sql, params, many, context)
           ^^^^^^^^^^^^^^^^^^^^^^^^^^^^^^^^^^^^
  File "C:\Users\DINESH\Dropbox\PC\Desktop\studies\cibil_score_checker\score_checker\env\Lib\site-packages\django\db\backends\utils.py", line 84, in _execute
    with self.db.wrap_database_errors:
  File "C:\Users\DINESH\Dropbox\PC\Desktop\studies\cibil_score_checker\score_checker\env\Lib\site-packages\django\db\utils.py", line 91, in __exit__
    raise dj_exc_value.with_traceback(traceback) from exc_value
  File "C:\Users\DINESH\Dropbox\PC\Desktop\studies\cibil_score_checker\score_checker\env\Lib\site-packages\django\db\backends\utils.py", line 89, in _execute
    return self.cursor.execute(sql, params)
           ^^^^^^^^^^^^^^^^^^^^^^^^^^^^^^^^
  File "C:\Users\DINESH\Dropbox\PC\Desktop\studies\cibil_score_checker\score_checker\env\Lib\site-packages\django\db\backends\mysql\base.py", line 75, in execute
    return self.cursor.execute(query, args)
           ^^^^^^^^^^^^^^^^^^^^^^^^^^^^^^^^
  File "C:\Users\DINESH\Dropbox\PC\Desktop\studies\cibil_score_checker\score_checker\env\Lib\site-packages\MySQLdb\cursors.py", line 179, in execute
    res = self._query(mogrified_query)
          ^^^^^^^^^^^^^^^^^^^^^^^^^^^^
  File "C:\Users\DINESH\Dropbox\PC\Desktop\studies\cibil_score_checker\score_checker\env\Lib\site-packages\MySQLdb\cursors.py", line 330, in _query
    db.query(q)
  File "C:\Users\DINESH\Dropbox\PC\Desktop\studies\cibil_score_checker\score_checker\env\Lib\site-packages\MySQLdb\connections.py", line 255, in query
    _mysql.connection.query(self, query)
django.db.utils.ProgrammingError: (1146, "Table 'cibil_checkerr.main_app_bank_accounts' doesn't exist")
ERROR 2025-06-22 21:45:07,131 basehttp 31288 10936 "GET /bank-accounts/ HTTP/1.1" 500 221332
INFO 2025-06-22 21:45:29,130 autoreload 19860 13928 Watching for file changes with StatReloader
ERROR 2025-06-22 21:45:32,653 log 19860 34432 Internal Server Error: /bank-accounts/
Traceback (most recent call last):
  File "C:\Users\DINESH\Dropbox\PC\Desktop\studies\cibil_score_checker\score_checker\env\Lib\site-packages\django\db\backends\utils.py", line 89, in _execute
    return self.cursor.execute(sql, params)
           ^^^^^^^^^^^^^^^^^^^^^^^^^^^^^^^^
  File "C:\Users\DINESH\Dropbox\PC\Desktop\studies\cibil_score_checker\score_checker\env\Lib\site-packages\django\db\backends\mysql\base.py", line 75, in execute
    return self.cursor.execute(query, args)
           ^^^^^^^^^^^^^^^^^^^^^^^^^^^^^^^^
  File "C:\Users\DINESH\Dropbox\PC\Desktop\studies\cibil_score_checker\score_checker\env\Lib\site-packages\MySQLdb\cursors.py", line 179, in execute
    res = self._query(mogrified_query)
          ^^^^^^^^^^^^^^^^^^^^^^^^^^^^
  File "C:\Users\DINESH\Dropbox\PC\Desktop\studies\cibil_score_checker\score_checker\env\Lib\site-packages\MySQLdb\cursors.py", line 330, in _query
    db.query(q)
  File "C:\Users\DINESH\Dropbox\PC\Desktop\studies\cibil_score_checker\score_checker\env\Lib\site-packages\MySQLdb\connections.py", line 255, in query
    _mysql.connection.query(self, query)
MySQLdb.ProgrammingError: (1146, "Table 'cibil_checkerr.main_app_bank_accounts' doesn't exist")

The above exception was the direct cause of the following exception:

Traceback (most recent call last):
  File "C:\Users\DINESH\Dropbox\PC\Desktop\studies\cibil_score_checker\score_checker\env\Lib\site-packages\django\core\handlers\exception.py", line 56, in inner
    response = get_response(request)
               ^^^^^^^^^^^^^^^^^^^^^
  File "C:\Users\DINESH\Dropbox\PC\Desktop\studies\cibil_score_checker\score_checker\env\Lib\site-packages\django\core\handlers\base.py", line 197, in _get_response
    response = wrapped_callback(request, *callback_args, **callback_kwargs)
               ^^^^^^^^^^^^^^^^^^^^^^^^^^^^^^^^^^^^^^^^^^^^^^^^^^^^^^^^^^^^
  File "C:\Users\DINESH\Dropbox\PC\Desktop\studies\cibil_score_checker\score_checker\env\Lib\site-packages\django\views\decorators\csrf.py", line 55, in wrapped_view
    return view_func(*args, **kwargs)
           ^^^^^^^^^^^^^^^^^^^^^^^^^^
  File "C:\Users\DINESH\Dropbox\PC\Desktop\studies\cibil_score_checker\score_checker\env\Lib\site-packages\django\views\generic\base.py", line 84, in view
    return self.dispatch(request, *args, **kwargs)
           ^^^^^^^^^^^^^^^^^^^^^^^^^^^^^^^^^^^^^^^
  File "C:\Users\DINESH\Dropbox\PC\Desktop\studies\cibil_score_checker\score_checker\env\Lib\site-packages\rest_framework\views.py", line 509, in dispatch
    response = self.handle_exception(exc)
               ^^^^^^^^^^^^^^^^^^^^^^^^^^
  File "C:\Users\DINESH\Dropbox\PC\Desktop\studies\cibil_score_checker\score_checker\env\Lib\site-packages\rest_framework\views.py", line 469, in handle_exception
    self.raise_uncaught_exception(exc)
  File "C:\Users\DINESH\Dropbox\PC\Desktop\studies\cibil_score_checker\score_checker\env\Lib\site-packages\rest_framework\views.py", line 480, in raise_uncaught_exception
    raise exc
  File "C:\Users\DINESH\Dropbox\PC\Desktop\studies\cibil_score_checker\score_checker\env\Lib\site-packages\rest_framework\views.py", line 506, in dispatch
    response = handler(request, *args, **kwargs)
               ^^^^^^^^^^^^^^^^^^^^^^^^^^^^^^^^^
  File "C:\Users\DINESH\Dropbox\PC\Desktop\studies\cibil_score_checker\score_checker\env\Lib\site-packages\rest_framework\generics.py", line 239, in get
    return self.list(request, *args, **kwargs)
           ^^^^^^^^^^^^^^^^^^^^^^^^^^^^^^^^^^^
  File "C:\Users\DINESH\Dropbox\PC\Desktop\studies\cibil_score_checker\score_checker\env\Lib\site-packages\rest_framework\mixins.py", line 40, in list
    page = self.paginate_queryset(queryset)
           ^^^^^^^^^^^^^^^^^^^^^^^^^^^^^^^^
  File "C:\Users\DINESH\Dropbox\PC\Desktop\studies\cibil_score_checker\score_checker\env\Lib\site-packages\rest_framework\generics.py", line 171, in paginate_queryset
    return self.paginator.paginate_queryset(queryset, self.request, view=self)
           ^^^^^^^^^^^^^^^^^^^^^^^^^^^^^^^^^^^^^^^^^^^^^^^^^^^^^^^^^^^^^^^^^^^
  File "C:\Users\DINESH\Dropbox\PC\Desktop\studies\cibil_score_checker\score_checker\env\Lib\site-packages\rest_framework\pagination.py", line 204, in paginate_queryset
    self.page = paginator.page(page_number)
                ^^^^^^^^^^^^^^^^^^^^^^^^^^^
  File "C:\Users\DINESH\Dropbox\PC\Desktop\studies\cibil_score_checker\score_checker\env\Lib\site-packages\django\core\paginator.py", line 75, in page
    number = self.validate_number(number)
             ^^^^^^^^^^^^^^^^^^^^^^^^^^^^
  File "C:\Users\DINESH\Dropbox\PC\Desktop\studies\cibil_score_checker\score_checker\env\Lib\site-packages\django\core\paginator.py", line 53, in validate_number
    if number > self.num_pages:
                ^^^^^^^^^^^^^^
  File "C:\Users\DINESH\Dropbox\PC\Desktop\studies\cibil_score_checker\score_checker\env\Lib\site-packages\django\utils\functional.py", line 49, in __get__
    res = instance.__dict__[self.name] = self.func(instance)
                                         ^^^^^^^^^^^^^^^^^^^
  File "C:\Users\DINESH\Dropbox\PC\Desktop\studies\cibil_score_checker\score_checker\env\Lib\site-packages\django\core\paginator.py", line 102, in num_pages
    if self.count == 0 and not self.allow_empty_first_page:
       ^^^^^^^^^^
  File "C:\Users\DINESH\Dropbox\PC\Desktop\studies\cibil_score_checker\score_checker\env\Lib\site-packages\django\utils\functional.py", line 49, in __get__
    res = instance.__dict__[self.name] = self.func(instance)
                                         ^^^^^^^^^^^^^^^^^^^
  File "C:\Users\DINESH\Dropbox\PC\Desktop\studies\cibil_score_checker\score_checker\env\Lib\site-packages\django\core\paginator.py", line 96, in count
    return c()
           ^^^
  File "C:\Users\DINESH\Dropbox\PC\Desktop\studies\cibil_score_checker\score_checker\env\Lib\site-packages\django\db\models\query.py", line 470, in count
    return self.query.get_count(using=self.db)
           ^^^^^^^^^^^^^^^^^^^^^^^^^^^^^^^^^^^
  File "C:\Users\DINESH\Dropbox\PC\Desktop\studies\cibil_score_checker\score_checker\env\Lib\site-packages\django\db\models\sql\query.py", line 552, in get_count
    number = obj.get_aggregation(using, ["__count"])["__count"]
             ^^^^^^^^^^^^^^^^^^^^^^^^^^^^^^^^^^^^^^^
  File "C:\Users\DINESH\Dropbox\PC\Desktop\studies\cibil_score_checker\score_checker\env\Lib\site-packages\django\db\models\sql\query.py", line 537, in get_aggregation
    result = compiler.execute_sql(SINGLE)
             ^^^^^^^^^^^^^^^^^^^^^^^^^^^^
  File "C:\Users\DINESH\Dropbox\PC\Desktop\studies\cibil_score_checker\score_checker\env\Lib\site-packages\django\db\models\sql\compiler.py", line 1361, in execute_sql
    cursor.execute(sql, params)
  File "C:\Users\DINESH\Dropbox\PC\Desktop\studies\cibil_score_checker\score_checker\env\Lib\site-packages\django\db\backends\utils.py", line 102, in execute
    return super().execute(sql, params)
           ^^^^^^^^^^^^^^^^^^^^^^^^^^^^
  File "C:\Users\DINESH\Dropbox\PC\Desktop\studies\cibil_score_checker\score_checker\env\Lib\site-packages\django\db\backends\utils.py", line 67, in execute
    return self._execute_with_wrappers(
           ^^^^^^^^^^^^^^^^^^^^^^^^^^^^
  File "C:\Users\DINESH\Dropbox\PC\Desktop\studies\cibil_score_checker\score_checker\env\Lib\site-packages\django\db\backends\utils.py", line 80, in _execute_with_wrappers
    return executor(sql, params, many, context)
           ^^^^^^^^^^^^^^^^^^^^^^^^^^^^^^^^^^^^
  File "C:\Users\DINESH\Dropbox\PC\Desktop\studies\cibil_score_checker\score_checker\env\Lib\site-packages\django\db\backends\utils.py", line 84, in _execute
    with self.db.wrap_database_errors:
  File "C:\Users\DINESH\Dropbox\PC\Desktop\studies\cibil_score_checker\score_checker\env\Lib\site-packages\django\db\utils.py", line 91, in __exit__
    raise dj_exc_value.with_traceback(traceback) from exc_value
  File "C:\Users\DINESH\Dropbox\PC\Desktop\studies\cibil_score_checker\score_checker\env\Lib\site-packages\django\db\backends\utils.py", line 89, in _execute
    return self.cursor.execute(sql, params)
           ^^^^^^^^^^^^^^^^^^^^^^^^^^^^^^^^
  File "C:\Users\DINESH\Dropbox\PC\Desktop\studies\cibil_score_checker\score_checker\env\Lib\site-packages\django\db\backends\mysql\base.py", line 75, in execute
    return self.cursor.execute(query, args)
           ^^^^^^^^^^^^^^^^^^^^^^^^^^^^^^^^
  File "C:\Users\DINESH\Dropbox\PC\Desktop\studies\cibil_score_checker\score_checker\env\Lib\site-packages\MySQLdb\cursors.py", line 179, in execute
    res = self._query(mogrified_query)
          ^^^^^^^^^^^^^^^^^^^^^^^^^^^^
  File "C:\Users\DINESH\Dropbox\PC\Desktop\studies\cibil_score_checker\score_checker\env\Lib\site-packages\MySQLdb\cursors.py", line 330, in _query
    db.query(q)
  File "C:\Users\DINESH\Dropbox\PC\Desktop\studies\cibil_score_checker\score_checker\env\Lib\site-packages\MySQLdb\connections.py", line 255, in query
    _mysql.connection.query(self, query)
django.db.utils.ProgrammingError: (1146, "Table 'cibil_checkerr.main_app_bank_accounts' doesn't exist")
ERROR 2025-06-22 21:45:32,666 basehttp 19860 34432 "GET /bank-accounts/ HTTP/1.1" 500 221332
INFO 2025-06-22 21:47:06,481 autoreload 19860 13928 C:\Users\DINESH\Dropbox\PC\Desktop\studies\cibil_score_checker\score_checker\main_app\models.py changed, reloading.
INFO 2025-06-22 21:47:07,657 autoreload 34632 4216 Watching for file changes with StatReloader
INFO 2025-06-22 21:47:10,559 basehttp 34632 17560 "GET /bank-accounts/ HTTP/1.1" 200 376
INFO 2025-06-22 21:47:20,709 autoreload 34632 4216 C:\Users\DINESH\Dropbox\PC\Desktop\studies\cibil_score_checker\score_checker\main_app\models.py changed, reloading.
INFO 2025-06-22 21:47:21,936 autoreload 7124 26084 Watching for file changes with StatReloader
INFO 2025-06-22 21:47:29,165 autoreload 7124 26084 C:\Users\DINESH\Dropbox\PC\Desktop\studies\cibil_score_checker\score_checker\main_app\models.py changed, reloading.
INFO 2025-06-22 21:47:30,228 autoreload 21576 15184 Watching for file changes with StatReloader
INFO 2025-06-22 21:47:32,219 autoreload 21576 15184 C:\Users\DINESH\Dropbox\PC\Desktop\studies\cibil_score_checker\score_checker\main_app\models.py changed, reloading.
INFO 2025-06-22 21:47:33,363 autoreload 17020 14448 Watching for file changes with StatReloader
INFO 2025-06-22 21:47:34,952 basehttp 17020 33304 "GET /bank-accounts/ HTTP/1.1" 200 376
INFO 2025-06-22 21:47:44,012 basehttp 17020 33304 "GET /credit-cards/ HTTP/1.1" 200 418
INFO 2025-06-22 21:47:57,078 autoreload 17020 14448 C:\Users\DINESH\Dropbox\PC\Desktop\studies\cibil_score_checker\score_checker\main_app\models.py changed, reloading.
INFO 2025-06-22 21:47:58,323 autoreload 28116 21472 Watching for file changes with StatReloader
INFO 2025-06-22 21:48:05,564 autoreload 28116 21472 C:\Users\DINESH\Dropbox\PC\Desktop\studies\cibil_score_checker\score_checker\main_app\models.py changed, reloading.
INFO 2025-06-22 21:48:06,705 autoreload 26608 34692 Watching for file changes with StatReloader
INFO 2025-06-22 21:48:10,623 autoreload 26608 34692 C:\Users\DINESH\Dropbox\PC\Desktop\studies\cibil_score_checker\score_checker\main_app\models.py changed, reloading.
INFO 2025-06-22 21:48:11,903 autoreload 32316 34368 Watching for file changes with StatReloader
INFO 2025-06-22 21:48:16,958 autoreload 32316 34368 C:\Users\DINESH\Dropbox\PC\Desktop\studies\cibil_score_checker\score_checker\main_app\models.py changed, reloading.
INFO 2025-06-22 21:48:18,311 autoreload 1692 29512 Watching for file changes with StatReloader
INFO 2025-06-22 21:48:53,629 autoreload 1692 29512 C:\Users\DINESH\Dropbox\PC\Desktop\studies\cibil_score_checker\score_checker\main_app\models.py changed, reloading.
INFO 2025-06-22 21:48:54,717 autoreload 3280 26348 Watching for file changes with StatReloader
INFO 2025-06-22 21:48:56,558 autoreload 3280 26348 C:\Users\DINESH\Dropbox\PC\Desktop\studies\cibil_score_checker\score_checker\main_app\models.py changed, reloading.
INFO 2025-06-22 21:48:57,962 autoreload 9872 31192 Watching for file changes with StatReloader
INFO 2025-06-22 21:49:13,855 autoreload 9872 31192 C:\Users\DINESH\Dropbox\PC\Desktop\studies\cibil_score_checker\score_checker\main_app\models.py changed, reloading.
INFO 2025-06-22 21:49:14,908 autoreload 33904 34356 Watching for file changes with StatReloader
INFO 2025-06-22 21:49:19,940 autoreload 33904 34356 C:\Users\DINESH\Dropbox\PC\Desktop\studies\cibil_score_checker\score_checker\main_app\models.py changed, reloading.
INFO 2025-06-22 21:49:21,144 autoreload 31196 30944 Watching for file changes with StatReloader
INFO 2025-06-22 21:49:29,546 basehttp 31196 31592 "GET /customers/ HTTP/1.1" 200 1986
WARNING 2025-06-22 21:51:57,695 log 31196 33756 Not Found: /check-cibil-/score
WARNING 2025-06-22 21:51:57,697 basehttp 31196 33756 "GET /check-cibil-/score HTTP/1.1" 404 4962
WARNING 2025-06-22 21:52:06,080 log 31196 33756 Method Not Allowed: /check-cibil-score/
WARNING 2025-06-22 21:52:06,082 basehttp 31196 33756 "GET /check-cibil-score/ HTTP/1.1" 405 40
INFO 2025-06-22 21:52:10,691 basehttp 31196 33756 "POST /check-cibil-score/ HTTP/1.1" 200 3889
INFO 2025-06-23 08:38:44,382 autoreload 2708 24884 Watching for file changes with StatReloader
ERROR 2025-06-23 08:38:48,841 log 2708 27988 Internal Server Error: /check-cibil-score/
ERROR 2025-06-23 08:38:48,843 basehttp 2708 27988 "POST /check-cibil-score/ HTTP/1.1" 500 187
ERROR 2025-06-23 08:39:42,486 log 2708 27988 Internal Server Error: /check-cibil-score/
ERROR 2025-06-23 08:39:42,487 basehttp 2708 27988 "POST /check-cibil-score/ HTTP/1.1" 500 187
ERROR 2025-06-23 08:42:00,243 log 2708 22140 Internal Server Error: /check-cibil-score/
ERROR 2025-06-23 08:42:00,244 basehttp 2708 22140 "POST /check-cibil-score/ HTTP/1.1" 500 187
ERROR 2025-06-23 08:42:38,610 log 2708 22140 Internal Server Error: /check-cibil-score/
ERROR 2025-06-23 08:42:38,611 basehttp 2708 22140 "POST /check-cibil-score/ HTTP/1.1" 500 187
WARNING 2025-06-23 08:50:35,446 log 2708 34016 Not Found: /
WARNING 2025-06-23 08:50:35,454 basehttp 2708 34016 "GET / HTTP/1.1" 404 4890
WARNING 2025-06-23 08:50:35,789 log 2708 34016 Not Found: /favicon.ico
WARNING 2025-06-23 08:50:35,793 basehttp 2708 34016 "GET /favicon.ico HTTP/1.1" 404 4941
INFO 2025-06-23 08:58:36,963 autoreload 32280 20288 Watching for file changes with StatReloader
ERROR 2025-06-23 08:58:52,566 log 32280 22036 Internal Server Error: /check-cibil-score/
ERROR 2025-06-23 08:58:52,569 basehttp 32280 22036 "POST /check-cibil-score/ HTTP/1.1" 500 187
INFO 2025-06-23 09:01:43,561 autoreload 32280 20288 C:\Users\DINESH\Dropbox\PC\Desktop\studies\cibil_score_checker\score_checker\main_app\views.py changed, reloading.
INFO 2025-06-23 09:01:45,728 autoreload 24312 31168 Watching for file changes with StatReloader
INFO 2025-06-23 09:01:54,549 autoreload 24312 31168 C:\Users\DINESH\Dropbox\PC\Desktop\studies\cibil_score_checker\score_checker\main_app\views.py changed, reloading.
INFO 2025-06-23 09:01:55,955 autoreload 27836 21944 Watching for file changes with StatReloader
INFO 2025-06-23 09:02:40,614 autoreload 27836 21944 C:\Users\DINESH\Dropbox\PC\Desktop\studies\cibil_score_checker\score_checker\main_app\views.py changed, reloading.
INFO 2025-06-23 09:02:42,358 autoreload 25296 25124 Watching for file changes with StatReloader
INFO 2025-06-23 09:02:46,358 autoreload 25296 25124 C:\Users\DINESH\Dropbox\PC\Desktop\studies\cibil_score_checker\score_checker\main_app\views.py changed, reloading.
INFO 2025-06-23 09:02:48,056 autoreload 25044 15720 Watching for file changes with StatReloader
INFO 2025-06-23 09:03:36,729 autoreload 25044 15720 C:\Users\DINESH\Dropbox\PC\Desktop\studies\cibil_score_checker\score_checker\main_app\views.py changed, reloading.
INFO 2025-06-23 09:03:38,256 autoreload 13444 14724 Watching for file changes with StatReloader
ERROR 2025-06-23 09:03:43,741 log 13444 22184 Internal Server Error: /check-cibil-score/
ERROR 2025-06-23 09:03:43,742 basehttp 13444 22184 "POST /check-cibil-score/ HTTP/1.1" 500 187
ERROR 2025-06-23 09:03:51,332 log 13444 22184 Internal Server Error: /check-cibil-score/
ERROR 2025-06-23 09:03:51,333 basehttp 13444 22184 "POST /check-cibil-score/ HTTP/1.1" 500 187
INFO 2025-06-23 09:06:03,667 autoreload 13444 14724 C:\Users\DINESH\Dropbox\PC\Desktop\studies\cibil_score_checker\score_checker\main_app\cibil_calculator.py changed, reloading.
INFO 2025-06-23 09:06:05,307 autoreload 4292 30764 Watching for file changes with StatReloader
INFO 2025-06-23 09:06:16,693 autoreload 4292 30764 C:\Users\DINESH\Dropbox\PC\Desktop\studies\cibil_score_checker\score_checker\main_app\cibil_calculator.py changed, reloading.
INFO 2025-06-23 09:06:17,941 autoreload 16660 13828 Watching for file changes with StatReloader
INFO 2025-06-23 09:06:27,832 autoreload 16660 13828 C:\Users\DINESH\Dropbox\PC\Desktop\studies\cibil_score_checker\score_checker\main_app\views.py changed, reloading.
INFO 2025-06-23 09:06:29,219 autoreload 7424 31464 Watching for file changes with StatReloader
INFO 2025-06-23 09:06:34,016 autoreload 7424 31464 C:\Users\DINESH\Dropbox\PC\Desktop\studies\cibil_score_checker\score_checker\main_app\views.py changed, reloading.
INFO 2025-06-23 09:06:35,502 autoreload 12720 29404 Watching for file changes with StatReloader
INFO 2025-06-23 09:07:04,738 autoreload 12720 29404 C:\Users\DINESH\Dropbox\PC\Desktop\studies\cibil_score_checker\score_checker\main_app\cibil_calculator.py changed, reloading.
INFO 2025-06-23 09:07:06,097 autoreload 6196 25496 Watching for file changes with StatReloader
INFO 2025-06-23 09:07:15,341 autoreload 6196 25496 C:\Users\DINESH\Dropbox\PC\Desktop\studies\cibil_score_checker\score_checker\main_app\cibil_calculator.py changed, reloading.
INFO 2025-06-23 09:07:16,438 autoreload 9752 31456 Watching for file changes with StatReloader
INFO 2025-06-23 09:07:22,434 autoreload 9752 31456 C:\Users\DINESH\Dropbox\PC\Desktop\studies\cibil_score_checker\score_checker\main_app\cibil_calculator.py changed, reloading.
INFO 2025-06-23 09:07:23,813 autoreload 7376 33864 Watching for file changes with StatReloader
INFO 2025-06-23 09:07:39,686 autoreload 7376 33864 C:\Users\DINESH\Dropbox\PC\Desktop\studies\cibil_score_checker\score_checker\main_app\cibil_calculator.py changed, reloading.
INFO 2025-06-23 09:07:40,902 autoreload 34584 32956 Watching for file changes with StatReloader
INFO 2025-06-23 09:07:45,153 autoreload 34584 32956 C:\Users\DINESH\Dropbox\PC\Desktop\studies\cibil_score_checker\score_checker\main_app\cibil_calculator.py changed, reloading.
INFO 2025-06-23 09:07:46,521 autoreload 34328 31528 Watching for file changes with StatReloader
INFO 2025-06-23 09:08:08,537 autoreload 34328 31528 C:\Users\DINESH\Dropbox\PC\Desktop\studies\cibil_score_checker\score_checker\main_app\views.py changed, reloading.
INFO 2025-06-23 09:08:10,131 autoreload 10676 31996 Watching for file changes with StatReloader
ERROR 2025-06-23 09:08:14,136 log 10676 23708 Internal Server Error: /check-cibil-score/
ERROR 2025-06-23 09:08:14,137 basehttp 10676 23708 "POST /check-cibil-score/ HTTP/1.1" 500 136
INFO 2025-06-23 09:10:02,820 autoreload 10676 31996 C:\Users\DINESH\Dropbox\PC\Desktop\studies\cibil_score_checker\score_checker\main_app\cibil_calculator.py changed, reloading.
INFO 2025-06-23 09:10:04,290 autoreload 5672 28252 Watching for file changes with StatReloader
INFO 2025-06-23 09:10:11,260 autoreload 5672 28252 C:\Users\DINESH\Dropbox\PC\Desktop\studies\cibil_score_checker\score_checker\main_app\cibil_calculator.py changed, reloading.
INFO 2025-06-23 09:10:12,413 autoreload 12988 20072 Watching for file changes with StatReloader
ERROR 2025-06-23 09:10:18,231 log 12988 14736 Internal Server Error: /check-cibil-score/
ERROR 2025-06-23 09:10:18,232 basehttp 12988 14736 "POST /check-cibil-score/ HTTP/1.1" 500 187
INFO 2025-06-23 09:11:20,969 autoreload 12988 20072 C:\Users\DINESH\Dropbox\PC\Desktop\studies\cibil_score_checker\score_checker\main_app\cibil_calculator.py changed, reloading.
INFO 2025-06-23 09:11:22,651 autoreload 34312 17092 Watching for file changes with StatReloader
INFO 2025-06-23 09:11:32,808 autoreload 34312 17092 C:\Users\DINESH\Dropbox\PC\Desktop\studies\cibil_score_checker\score_checker\main_app\cibil_calculator.py changed, reloading.
INFO 2025-06-23 09:11:34,339 autoreload 12124 14396 Watching for file changes with StatReloader
INFO 2025-06-23 09:11:42,699 autoreload 12124 14396 C:\Users\DINESH\Dropbox\PC\Desktop\studies\cibil_score_checker\score_checker\main_app\cibil_calculator.py changed, reloading.
INFO 2025-06-23 09:11:44,388 autoreload 31992 14748 Watching for file changes with StatReloader
INFO 2025-06-23 09:11:46,216 autoreload 31992 14748 C:\Users\DINESH\Dropbox\PC\Desktop\studies\cibil_score_checker\score_checker\main_app\cibil_calculator.py changed, reloading.
INFO 2025-06-23 09:11:47,799 autoreload 12692 20864 Watching for file changes with StatReloader
INFO 2025-06-23 09:11:59,572 autoreload 12692 20864 C:\Users\DINESH\Dropbox\PC\Desktop\studies\cibil_score_checker\score_checker\main_app\cibil_calculator.py changed, reloading.
INFO 2025-06-23 09:12:01,030 autoreload 7664 26448 Watching for file changes with StatReloader
INFO 2025-06-23 09:12:04,979 autoreload 7664 26448 C:\Users\DINESH\Dropbox\PC\Desktop\studies\cibil_score_checker\score_checker\main_app\cibil_calculator.py changed, reloading.
INFO 2025-06-23 09:12:06,359 autoreload 11952 12216 Watching for file changes with StatReloader
INFO 2025-06-23 09:12:14,678 autoreload 11952 12216 C:\Users\DINESH\Dropbox\PC\Desktop\studies\cibil_score_checker\score_checker\main_app\cibil_calculator.py changed, reloading.
INFO 2025-06-23 09:12:16,004 autoreload 21348 34172 Watching for file changes with StatReloader
INFO 2025-06-23 09:12:17,898 autoreload 21348 34172 C:\Users\DINESH\Dropbox\PC\Desktop\studies\cibil_score_checker\score_checker\main_app\cibil_calculator.py changed, reloading.
INFO 2025-06-23 09:12:19,445 autoreload 21080 34120 Watching for file changes with StatReloader
ERROR 2025-06-23 09:12:21,426 log 21080 25932 Internal Server Error: /check-cibil-score/
ERROR 2025-06-23 09:12:21,428 basehttp 21080 25932 "POST /check-cibil-score/ HTTP/1.1" 500 187
ERROR 2025-06-23 09:12:23,578 log 21080 25932 Internal Server Error: /check-cibil-score/
ERROR 2025-06-23 09:12:23,578 basehttp 21080 25932 "POST /check-cibil-score/ HTTP/1.1" 500 187
ERROR 2025-06-23 09:12:51,443 log 21080 25932 Internal Server Error: /check-cibil-score/
ERROR 2025-06-23 09:12:51,444 basehttp 21080 25932 "POST /check-cibil-score/ HTTP/1.1" 500 187
INFO 2025-06-23 09:28:54,868 autoreload 28224 28524 Watching for file changes with StatReloader
INFO 2025-06-23 09:36:33,771 autoreload 25884 24956 Watching for file changes with StatReloader
ERROR 2025-06-23 09:36:36,552 log 25884 34480 Internal Server Error: /check-cibil-score/
Traceback (most recent call last):
  File "C:\Users\DINESH\Dropbox\PC\Desktop\studies\cibil_score_checker\score_checker\env\Lib\site-packages\django\db\backends\utils.py", line 89, in _execute
    return self.cursor.execute(sql, params)
           ^^^^^^^^^^^^^^^^^^^^^^^^^^^^^^^^
  File "C:\Users\DINESH\Dropbox\PC\Desktop\studies\cibil_score_checker\score_checker\env\Lib\site-packages\django\db\backends\mysql\base.py", line 75, in execute
    return self.cursor.execute(query, args)
           ^^^^^^^^^^^^^^^^^^^^^^^^^^^^^^^^
  File "C:\Users\DINESH\Dropbox\PC\Desktop\studies\cibil_score_checker\score_checker\env\Lib\site-packages\MySQLdb\cursors.py", line 179, in execute
    res = self._query(mogrified_query)
          ^^^^^^^^^^^^^^^^^^^^^^^^^^^^
  File "C:\Users\DINESH\Dropbox\PC\Desktop\studies\cibil_score_checker\score_checker\env\Lib\site-packages\MySQLdb\cursors.py", line 330, in _query
    db.query(q)
  File "C:\Users\DINESH\Dropbox\PC\Desktop\studies\cibil_score_checker\score_checker\env\Lib\site-packages\MySQLdb\connections.py", line 255, in query
    _mysql.connection.query(self, query)
MySQLdb.OperationalError: (1054, "Unknown column 'customers.id' in 'field list'")

The above exception was the direct cause of the following exception:

Traceback (most recent call last):
  File "C:\Users\DINESH\Dropbox\PC\Desktop\studies\cibil_score_checker\score_checker\env\Lib\site-packages\django\core\handlers\exception.py", line 56, in inner
    response = get_response(request)
               ^^^^^^^^^^^^^^^^^^^^^
  File "C:\Users\DINESH\Dropbox\PC\Desktop\studies\cibil_score_checker\score_checker\env\Lib\site-packages\django\core\handlers\base.py", line 197, in _get_response
    response = wrapped_callback(request, *callback_args, **callback_kwargs)
               ^^^^^^^^^^^^^^^^^^^^^^^^^^^^^^^^^^^^^^^^^^^^^^^^^^^^^^^^^^^^
  File "C:\Users\DINESH\Dropbox\PC\Desktop\studies\cibil_score_checker\score_checker\env\Lib\site-packages\django\views\decorators\csrf.py", line 55, in wrapped_view
    return view_func(*args, **kwargs)
           ^^^^^^^^^^^^^^^^^^^^^^^^^^
  File "C:\Users\DINESH\Dropbox\PC\Desktop\studies\cibil_score_checker\score_checker\env\Lib\site-packages\django\views\generic\base.py", line 84, in view
    return self.dispatch(request, *args, **kwargs)
           ^^^^^^^^^^^^^^^^^^^^^^^^^^^^^^^^^^^^^^^
  File "C:\Users\DINESH\Dropbox\PC\Desktop\studies\cibil_score_checker\score_checker\env\Lib\site-packages\rest_framework\views.py", line 509, in dispatch
    response = self.handle_exception(exc)
               ^^^^^^^^^^^^^^^^^^^^^^^^^^
  File "C:\Users\DINESH\Dropbox\PC\Desktop\studies\cibil_score_checker\score_checker\env\Lib\site-packages\rest_framework\views.py", line 469, in handle_exception
    self.raise_uncaught_exception(exc)
  File "C:\Users\DINESH\Dropbox\PC\Desktop\studies\cibil_score_checker\score_checker\env\Lib\site-packages\rest_framework\views.py", line 480, in raise_uncaught_exception
    raise exc
  File "C:\Users\DINESH\Dropbox\PC\Desktop\studies\cibil_score_checker\score_checker\env\Lib\site-packages\rest_framework\views.py", line 506, in dispatch
    response = handler(request, *args, **kwargs)
               ^^^^^^^^^^^^^^^^^^^^^^^^^^^^^^^^^
  File "C:\Users\DINESH\Dropbox\PC\Desktop\studies\cibil_score_checker\score_checker\env\Lib\site-packages\rest_framework\decorators.py", line 50, in handler
    return func(*args, **kwargs)
           ^^^^^^^^^^^^^^^^^^^^^
  File "C:\Users\DINESH\Dropbox\PC\Desktop\studies\cibil_score_checker\score_checker\main_app\views.py", line 115, in check_cibil_score
    customer = get_object_or_404(Customer, pan_card_number=pan_card_number)
               ^^^^^^^^^^^^^^^^^^^^^^^^^^^^^^^^^^^^^^^^^^^^^^^^^^^^^^^^^^^^
  File "C:\Users\DINESH\Dropbox\PC\Desktop\studies\cibil_score_checker\score_checker\env\Lib\site-packages\django\shortcuts.py", line 85, in get_object_or_404
    return queryset.get(*args, **kwargs)
           ^^^^^^^^^^^^^^^^^^^^^^^^^^^^^
  File "C:\Users\DINESH\Dropbox\PC\Desktop\studies\cibil_score_checker\score_checker\env\Lib\site-packages\django\db\models\query.py", line 492, in get
    num = len(clone)
          ^^^^^^^^^^
  File "C:\Users\DINESH\Dropbox\PC\Desktop\studies\cibil_score_checker\score_checker\env\Lib\site-packages\django\db\models\query.py", line 302, in __len__
    self._fetch_all()
  File "C:\Users\DINESH\Dropbox\PC\Desktop\studies\cibil_score_checker\score_checker\env\Lib\site-packages\django\db\models\query.py", line 1507, in _fetch_all
    self._result_cache = list(self._iterable_class(self))
                         ^^^^^^^^^^^^^^^^^^^^^^^^^^^^^^^^
  File "C:\Users\DINESH\Dropbox\PC\Desktop\studies\cibil_score_checker\score_checker\env\Lib\site-packages\django\db\models\query.py", line 57, in __iter__
    results = compiler.execute_sql(
              ^^^^^^^^^^^^^^^^^^^^^
  File "C:\Users\DINESH\Dropbox\PC\Desktop\studies\cibil_score_checker\score_checker\env\Lib\site-packages\django\db\models\sql\compiler.py", line 1361, in execute_sql
    cursor.execute(sql, params)
  File "C:\Users\DINESH\Dropbox\PC\Desktop\studies\cibil_score_checker\score_checker\env\Lib\site-packages\django\db\backends\utils.py", line 102, in execute
    return super().execute(sql, params)
           ^^^^^^^^^^^^^^^^^^^^^^^^^^^^
  File "C:\Users\DINESH\Dropbox\PC\Desktop\studies\cibil_score_checker\score_checker\env\Lib\site-packages\django\db\backends\utils.py", line 67, in execute
    return self._execute_with_wrappers(
           ^^^^^^^^^^^^^^^^^^^^^^^^^^^^
  File "C:\Users\DINESH\Dropbox\PC\Desktop\studies\cibil_score_checker\score_checker\env\Lib\site-packages\django\db\backends\utils.py", line 80, in _execute_with_wrappers
    return executor(sql, params, many, context)
           ^^^^^^^^^^^^^^^^^^^^^^^^^^^^^^^^^^^^
  File "C:\Users\DINESH\Dropbox\PC\Desktop\studies\cibil_score_checker\score_checker\env\Lib\site-packages\django\db\backends\utils.py", line 84, in _execute
    with self.db.wrap_database_errors:
  File "C:\Users\DINESH\Dropbox\PC\Desktop\studies\cibil_score_checker\score_checker\env\Lib\site-packages\django\db\utils.py", line 91, in __exit__
    raise dj_exc_value.with_traceback(traceback) from exc_value
  File "C:\Users\DINESH\Dropbox\PC\Desktop\studies\cibil_score_checker\score_checker\env\Lib\site-packages\django\db\backends\utils.py", line 89, in _execute
    return self.cursor.execute(sql, params)
           ^^^^^^^^^^^^^^^^^^^^^^^^^^^^^^^^
  File "C:\Users\DINESH\Dropbox\PC\Desktop\studies\cibil_score_checker\score_checker\env\Lib\site-packages\django\db\backends\mysql\base.py", line 75, in execute
    return self.cursor.execute(query, args)
           ^^^^^^^^^^^^^^^^^^^^^^^^^^^^^^^^
  File "C:\Users\DINESH\Dropbox\PC\Desktop\studies\cibil_score_checker\score_checker\env\Lib\site-packages\MySQLdb\cursors.py", line 179, in execute
    res = self._query(mogrified_query)
          ^^^^^^^^^^^^^^^^^^^^^^^^^^^^
  File "C:\Users\DINESH\Dropbox\PC\Desktop\studies\cibil_score_checker\score_checker\env\Lib\site-packages\MySQLdb\cursors.py", line 330, in _query
    db.query(q)
  File "C:\Users\DINESH\Dropbox\PC\Desktop\studies\cibil_score_checker\score_checker\env\Lib\site-packages\MySQLdb\connections.py", line 255, in query
    _mysql.connection.query(self, query)
django.db.utils.OperationalError: (1054, "Unknown column 'customers.id' in 'field list'")
ERROR 2025-06-23 09:36:36,568 basehttp 25884 34480 "POST /check-cibil-score/ HTTP/1.1" 500 202596
ERROR 2025-06-23 09:36:39,303 log 25884 34480 Internal Server Error: /check-cibil-score/
Traceback (most recent call last):
  File "C:\Users\DINESH\Dropbox\PC\Desktop\studies\cibil_score_checker\score_checker\env\Lib\site-packages\django\db\backends\utils.py", line 89, in _execute
    return self.cursor.execute(sql, params)
           ^^^^^^^^^^^^^^^^^^^^^^^^^^^^^^^^
  File "C:\Users\DINESH\Dropbox\PC\Desktop\studies\cibil_score_checker\score_checker\env\Lib\site-packages\django\db\backends\mysql\base.py", line 75, in execute
    return self.cursor.execute(query, args)
           ^^^^^^^^^^^^^^^^^^^^^^^^^^^^^^^^
  File "C:\Users\DINESH\Dropbox\PC\Desktop\studies\cibil_score_checker\score_checker\env\Lib\site-packages\MySQLdb\cursors.py", line 179, in execute
    res = self._query(mogrified_query)
          ^^^^^^^^^^^^^^^^^^^^^^^^^^^^
  File "C:\Users\DINESH\Dropbox\PC\Desktop\studies\cibil_score_checker\score_checker\env\Lib\site-packages\MySQLdb\cursors.py", line 330, in _query
    db.query(q)
  File "C:\Users\DINESH\Dropbox\PC\Desktop\studies\cibil_score_checker\score_checker\env\Lib\site-packages\MySQLdb\connections.py", line 255, in query
    _mysql.connection.query(self, query)
MySQLdb.OperationalError: (1054, "Unknown column 'customers.id' in 'field list'")

The above exception was the direct cause of the following exception:

Traceback (most recent call last):
  File "C:\Users\DINESH\Dropbox\PC\Desktop\studies\cibil_score_checker\score_checker\env\Lib\site-packages\django\core\handlers\exception.py", line 56, in inner
    response = get_response(request)
               ^^^^^^^^^^^^^^^^^^^^^
  File "C:\Users\DINESH\Dropbox\PC\Desktop\studies\cibil_score_checker\score_checker\env\Lib\site-packages\django\core\handlers\base.py", line 197, in _get_response
    response = wrapped_callback(request, *callback_args, **callback_kwargs)
               ^^^^^^^^^^^^^^^^^^^^^^^^^^^^^^^^^^^^^^^^^^^^^^^^^^^^^^^^^^^^
  File "C:\Users\DINESH\Dropbox\PC\Desktop\studies\cibil_score_checker\score_checker\env\Lib\site-packages\django\views\decorators\csrf.py", line 55, in wrapped_view
    return view_func(*args, **kwargs)
           ^^^^^^^^^^^^^^^^^^^^^^^^^^
  File "C:\Users\DINESH\Dropbox\PC\Desktop\studies\cibil_score_checker\score_checker\env\Lib\site-packages\django\views\generic\base.py", line 84, in view
    return self.dispatch(request, *args, **kwargs)
           ^^^^^^^^^^^^^^^^^^^^^^^^^^^^^^^^^^^^^^^
  File "C:\Users\DINESH\Dropbox\PC\Desktop\studies\cibil_score_checker\score_checker\env\Lib\site-packages\rest_framework\views.py", line 509, in dispatch
    response = self.handle_exception(exc)
               ^^^^^^^^^^^^^^^^^^^^^^^^^^
  File "C:\Users\DINESH\Dropbox\PC\Desktop\studies\cibil_score_checker\score_checker\env\Lib\site-packages\rest_framework\views.py", line 469, in handle_exception
    self.raise_uncaught_exception(exc)
  File "C:\Users\DINESH\Dropbox\PC\Desktop\studies\cibil_score_checker\score_checker\env\Lib\site-packages\rest_framework\views.py", line 480, in raise_uncaught_exception
    raise exc
  File "C:\Users\DINESH\Dropbox\PC\Desktop\studies\cibil_score_checker\score_checker\env\Lib\site-packages\rest_framework\views.py", line 506, in dispatch
    response = handler(request, *args, **kwargs)
               ^^^^^^^^^^^^^^^^^^^^^^^^^^^^^^^^^
  File "C:\Users\DINESH\Dropbox\PC\Desktop\studies\cibil_score_checker\score_checker\env\Lib\site-packages\rest_framework\decorators.py", line 50, in handler
    return func(*args, **kwargs)
           ^^^^^^^^^^^^^^^^^^^^^
  File "C:\Users\DINESH\Dropbox\PC\Desktop\studies\cibil_score_checker\score_checker\main_app\views.py", line 115, in check_cibil_score
    customer = get_object_or_404(Customer, pan_card_number=pan_card_number)
               ^^^^^^^^^^^^^^^^^^^^^^^^^^^^^^^^^^^^^^^^^^^^^^^^^^^^^^^^^^^^
  File "C:\Users\DINESH\Dropbox\PC\Desktop\studies\cibil_score_checker\score_checker\env\Lib\site-packages\django\shortcuts.py", line 85, in get_object_or_404
    return queryset.get(*args, **kwargs)
           ^^^^^^^^^^^^^^^^^^^^^^^^^^^^^
  File "C:\Users\DINESH\Dropbox\PC\Desktop\studies\cibil_score_checker\score_checker\env\Lib\site-packages\django\db\models\query.py", line 492, in get
    num = len(clone)
          ^^^^^^^^^^
  File "C:\Users\DINESH\Dropbox\PC\Desktop\studies\cibil_score_checker\score_checker\env\Lib\site-packages\django\db\models\query.py", line 302, in __len__
    self._fetch_all()
  File "C:\Users\DINESH\Dropbox\PC\Desktop\studies\cibil_score_checker\score_checker\env\Lib\site-packages\django\db\models\query.py", line 1507, in _fetch_all
    self._result_cache = list(self._iterable_class(self))
                         ^^^^^^^^^^^^^^^^^^^^^^^^^^^^^^^^
  File "C:\Users\DINESH\Dropbox\PC\Desktop\studies\cibil_score_checker\score_checker\env\Lib\site-packages\django\db\models\query.py", line 57, in __iter__
    results = compiler.execute_sql(
              ^^^^^^^^^^^^^^^^^^^^^
  File "C:\Users\DINESH\Dropbox\PC\Desktop\studies\cibil_score_checker\score_checker\env\Lib\site-packages\django\db\models\sql\compiler.py", line 1361, in execute_sql
    cursor.execute(sql, params)
  File "C:\Users\DINESH\Dropbox\PC\Desktop\studies\cibil_score_checker\score_checker\env\Lib\site-packages\django\db\backends\utils.py", line 102, in execute
    return super().execute(sql, params)
           ^^^^^^^^^^^^^^^^^^^^^^^^^^^^
  File "C:\Users\DINESH\Dropbox\PC\Desktop\studies\cibil_score_checker\score_checker\env\Lib\site-packages\django\db\backends\utils.py", line 67, in execute
    return self._execute_with_wrappers(
           ^^^^^^^^^^^^^^^^^^^^^^^^^^^^
  File "C:\Users\DINESH\Dropbox\PC\Desktop\studies\cibil_score_checker\score_checker\env\Lib\site-packages\django\db\backends\utils.py", line 80, in _execute_with_wrappers
    return executor(sql, params, many, context)
           ^^^^^^^^^^^^^^^^^^^^^^^^^^^^^^^^^^^^
  File "C:\Users\DINESH\Dropbox\PC\Desktop\studies\cibil_score_checker\score_checker\env\Lib\site-packages\django\db\backends\utils.py", line 84, in _execute
    with self.db.wrap_database_errors:
  File "C:\Users\DINESH\Dropbox\PC\Desktop\studies\cibil_score_checker\score_checker\env\Lib\site-packages\django\db\utils.py", line 91, in __exit__
    raise dj_exc_value.with_traceback(traceback) from exc_value
  File "C:\Users\DINESH\Dropbox\PC\Desktop\studies\cibil_score_checker\score_checker\env\Lib\site-packages\django\db\backends\utils.py", line 89, in _execute
    return self.cursor.execute(sql, params)
           ^^^^^^^^^^^^^^^^^^^^^^^^^^^^^^^^
  File "C:\Users\DINESH\Dropbox\PC\Desktop\studies\cibil_score_checker\score_checker\env\Lib\site-packages\django\db\backends\mysql\base.py", line 75, in execute
    return self.cursor.execute(query, args)
           ^^^^^^^^^^^^^^^^^^^^^^^^^^^^^^^^
  File "C:\Users\DINESH\Dropbox\PC\Desktop\studies\cibil_score_checker\score_checker\env\Lib\site-packages\MySQLdb\cursors.py", line 179, in execute
    res = self._query(mogrified_query)
          ^^^^^^^^^^^^^^^^^^^^^^^^^^^^
  File "C:\Users\DINESH\Dropbox\PC\Desktop\studies\cibil_score_checker\score_checker\env\Lib\site-packages\MySQLdb\cursors.py", line 330, in _query
    db.query(q)
  File "C:\Users\DINESH\Dropbox\PC\Desktop\studies\cibil_score_checker\score_checker\env\Lib\site-packages\MySQLdb\connections.py", line 255, in query
    _mysql.connection.query(self, query)
django.db.utils.OperationalError: (1054, "Unknown column 'customers.id' in 'field list'")
ERROR 2025-06-23 09:36:39,309 basehttp 25884 34480 "POST /check-cibil-score/ HTTP/1.1" 500 202596
ERROR 2025-06-23 09:37:36,483 log 25884 34480 Internal Server Error: /check-cibil-score/
Traceback (most recent call last):
  File "C:\Users\DINESH\Dropbox\PC\Desktop\studies\cibil_score_checker\score_checker\env\Lib\site-packages\django\db\backends\utils.py", line 89, in _execute
    return self.cursor.execute(sql, params)
           ^^^^^^^^^^^^^^^^^^^^^^^^^^^^^^^^
  File "C:\Users\DINESH\Dropbox\PC\Desktop\studies\cibil_score_checker\score_checker\env\Lib\site-packages\django\db\backends\mysql\base.py", line 75, in execute
    return self.cursor.execute(query, args)
           ^^^^^^^^^^^^^^^^^^^^^^^^^^^^^^^^
  File "C:\Users\DINESH\Dropbox\PC\Desktop\studies\cibil_score_checker\score_checker\env\Lib\site-packages\MySQLdb\cursors.py", line 179, in execute
    res = self._query(mogrified_query)
          ^^^^^^^^^^^^^^^^^^^^^^^^^^^^
  File "C:\Users\DINESH\Dropbox\PC\Desktop\studies\cibil_score_checker\score_checker\env\Lib\site-packages\MySQLdb\cursors.py", line 330, in _query
    db.query(q)
  File "C:\Users\DINESH\Dropbox\PC\Desktop\studies\cibil_score_checker\score_checker\env\Lib\site-packages\MySQLdb\connections.py", line 255, in query
    _mysql.connection.query(self, query)
MySQLdb.OperationalError: (1054, "Unknown column 'customers.id' in 'field list'")

The above exception was the direct cause of the following exception:

Traceback (most recent call last):
  File "C:\Users\DINESH\Dropbox\PC\Desktop\studies\cibil_score_checker\score_checker\env\Lib\site-packages\django\core\handlers\exception.py", line 56, in inner
    response = get_response(request)
               ^^^^^^^^^^^^^^^^^^^^^
  File "C:\Users\DINESH\Dropbox\PC\Desktop\studies\cibil_score_checker\score_checker\env\Lib\site-packages\django\core\handlers\base.py", line 197, in _get_response
    response = wrapped_callback(request, *callback_args, **callback_kwargs)
               ^^^^^^^^^^^^^^^^^^^^^^^^^^^^^^^^^^^^^^^^^^^^^^^^^^^^^^^^^^^^
  File "C:\Users\DINESH\Dropbox\PC\Desktop\studies\cibil_score_checker\score_checker\env\Lib\site-packages\django\views\decorators\csrf.py", line 55, in wrapped_view
    return view_func(*args, **kwargs)
           ^^^^^^^^^^^^^^^^^^^^^^^^^^
  File "C:\Users\DINESH\Dropbox\PC\Desktop\studies\cibil_score_checker\score_checker\env\Lib\site-packages\django\views\generic\base.py", line 84, in view
    return self.dispatch(request, *args, **kwargs)
           ^^^^^^^^^^^^^^^^^^^^^^^^^^^^^^^^^^^^^^^
  File "C:\Users\DINESH\Dropbox\PC\Desktop\studies\cibil_score_checker\score_checker\env\Lib\site-packages\rest_framework\views.py", line 509, in dispatch
    response = self.handle_exception(exc)
               ^^^^^^^^^^^^^^^^^^^^^^^^^^
  File "C:\Users\DINESH\Dropbox\PC\Desktop\studies\cibil_score_checker\score_checker\env\Lib\site-packages\rest_framework\views.py", line 469, in handle_exception
    self.raise_uncaught_exception(exc)
  File "C:\Users\DINESH\Dropbox\PC\Desktop\studies\cibil_score_checker\score_checker\env\Lib\site-packages\rest_framework\views.py", line 480, in raise_uncaught_exception
    raise exc
  File "C:\Users\DINESH\Dropbox\PC\Desktop\studies\cibil_score_checker\score_checker\env\Lib\site-packages\rest_framework\views.py", line 506, in dispatch
    response = handler(request, *args, **kwargs)
               ^^^^^^^^^^^^^^^^^^^^^^^^^^^^^^^^^
  File "C:\Users\DINESH\Dropbox\PC\Desktop\studies\cibil_score_checker\score_checker\env\Lib\site-packages\rest_framework\decorators.py", line 50, in handler
    return func(*args, **kwargs)
           ^^^^^^^^^^^^^^^^^^^^^
  File "C:\Users\DINESH\Dropbox\PC\Desktop\studies\cibil_score_checker\score_checker\main_app\views.py", line 115, in check_cibil_score
    customer = get_object_or_404(Customer, pan_card_number=pan_card_number)
               ^^^^^^^^^^^^^^^^^^^^^^^^^^^^^^^^^^^^^^^^^^^^^^^^^^^^^^^^^^^^
  File "C:\Users\DINESH\Dropbox\PC\Desktop\studies\cibil_score_checker\score_checker\env\Lib\site-packages\django\shortcuts.py", line 85, in get_object_or_404
    return queryset.get(*args, **kwargs)
           ^^^^^^^^^^^^^^^^^^^^^^^^^^^^^
  File "C:\Users\DINESH\Dropbox\PC\Desktop\studies\cibil_score_checker\score_checker\env\Lib\site-packages\django\db\models\query.py", line 492, in get
    num = len(clone)
          ^^^^^^^^^^
  File "C:\Users\DINESH\Dropbox\PC\Desktop\studies\cibil_score_checker\score_checker\env\Lib\site-packages\django\db\models\query.py", line 302, in __len__
    self._fetch_all()
  File "C:\Users\DINESH\Dropbox\PC\Desktop\studies\cibil_score_checker\score_checker\env\Lib\site-packages\django\db\models\query.py", line 1507, in _fetch_all
    self._result_cache = list(self._iterable_class(self))
                         ^^^^^^^^^^^^^^^^^^^^^^^^^^^^^^^^
  File "C:\Users\DINESH\Dropbox\PC\Desktop\studies\cibil_score_checker\score_checker\env\Lib\site-packages\django\db\models\query.py", line 57, in __iter__
    results = compiler.execute_sql(
              ^^^^^^^^^^^^^^^^^^^^^
  File "C:\Users\DINESH\Dropbox\PC\Desktop\studies\cibil_score_checker\score_checker\env\Lib\site-packages\django\db\models\sql\compiler.py", line 1361, in execute_sql
    cursor.execute(sql, params)
  File "C:\Users\DINESH\Dropbox\PC\Desktop\studies\cibil_score_checker\score_checker\env\Lib\site-packages\django\db\backends\utils.py", line 102, in execute
    return super().execute(sql, params)
           ^^^^^^^^^^^^^^^^^^^^^^^^^^^^
  File "C:\Users\DINESH\Dropbox\PC\Desktop\studies\cibil_score_checker\score_checker\env\Lib\site-packages\django\db\backends\utils.py", line 67, in execute
    return self._execute_with_wrappers(
           ^^^^^^^^^^^^^^^^^^^^^^^^^^^^
  File "C:\Users\DINESH\Dropbox\PC\Desktop\studies\cibil_score_checker\score_checker\env\Lib\site-packages\django\db\backends\utils.py", line 80, in _execute_with_wrappers
    return executor(sql, params, many, context)
           ^^^^^^^^^^^^^^^^^^^^^^^^^^^^^^^^^^^^
  File "C:\Users\DINESH\Dropbox\PC\Desktop\studies\cibil_score_checker\score_checker\env\Lib\site-packages\django\db\backends\utils.py", line 84, in _execute
    with self.db.wrap_database_errors:
  File "C:\Users\DINESH\Dropbox\PC\Desktop\studies\cibil_score_checker\score_checker\env\Lib\site-packages\django\db\utils.py", line 91, in __exit__
    raise dj_exc_value.with_traceback(traceback) from exc_value
  File "C:\Users\DINESH\Dropbox\PC\Desktop\studies\cibil_score_checker\score_checker\env\Lib\site-packages\django\db\backends\utils.py", line 89, in _execute
    return self.cursor.execute(sql, params)
           ^^^^^^^^^^^^^^^^^^^^^^^^^^^^^^^^
  File "C:\Users\DINESH\Dropbox\PC\Desktop\studies\cibil_score_checker\score_checker\env\Lib\site-packages\django\db\backends\mysql\base.py", line 75, in execute
    return self.cursor.execute(query, args)
           ^^^^^^^^^^^^^^^^^^^^^^^^^^^^^^^^
  File "C:\Users\DINESH\Dropbox\PC\Desktop\studies\cibil_score_checker\score_checker\env\Lib\site-packages\MySQLdb\cursors.py", line 179, in execute
    res = self._query(mogrified_query)
          ^^^^^^^^^^^^^^^^^^^^^^^^^^^^
  File "C:\Users\DINESH\Dropbox\PC\Desktop\studies\cibil_score_checker\score_checker\env\Lib\site-packages\MySQLdb\cursors.py", line 330, in _query
    db.query(q)
  File "C:\Users\DINESH\Dropbox\PC\Desktop\studies\cibil_score_checker\score_checker\env\Lib\site-packages\MySQLdb\connections.py", line 255, in query
    _mysql.connection.query(self, query)
django.db.utils.OperationalError: (1054, "Unknown column 'customers.id' in 'field list'")
ERROR 2025-06-23 09:37:36,496 basehttp 25884 34480 "POST /check-cibil-score/ HTTP/1.1" 500 202596
INFO 2025-06-23 09:38:24,583 autoreload 25884 24956 C:\Users\DINESH\Dropbox\PC\Desktop\studies\cibil_score_checker\score_checker\main_app\models.py changed, reloading.
INFO 2025-06-23 09:38:25,972 autoreload 7424 33668 Watching for file changes with StatReloader
INFO 2025-06-23 09:40:43,894 autoreload 16796 21348 Watching for file changes with StatReloader
ERROR 2025-06-23 09:40:56,096 log 16796 30184 Internal Server Error: /check-cibil-score/
Traceback (most recent call last):
  File "C:\Users\DINESH\Dropbox\PC\Desktop\studies\cibil_score_checker\score_checker\env\Lib\site-packages\django\db\backends\utils.py", line 89, in _execute
    return self.cursor.execute(sql, params)
           ^^^^^^^^^^^^^^^^^^^^^^^^^^^^^^^^
  File "C:\Users\DINESH\Dropbox\PC\Desktop\studies\cibil_score_checker\score_checker\env\Lib\site-packages\django\db\backends\mysql\base.py", line 75, in execute
    return self.cursor.execute(query, args)
           ^^^^^^^^^^^^^^^^^^^^^^^^^^^^^^^^
  File "C:\Users\DINESH\Dropbox\PC\Desktop\studies\cibil_score_checker\score_checker\env\Lib\site-packages\MySQLdb\cursors.py", line 179, in execute
    res = self._query(mogrified_query)
          ^^^^^^^^^^^^^^^^^^^^^^^^^^^^
  File "C:\Users\DINESH\Dropbox\PC\Desktop\studies\cibil_score_checker\score_checker\env\Lib\site-packages\MySQLdb\cursors.py", line 330, in _query
    db.query(q)
  File "C:\Users\DINESH\Dropbox\PC\Desktop\studies\cibil_score_checker\score_checker\env\Lib\site-packages\MySQLdb\connections.py", line 255, in query
    _mysql.connection.query(self, query)
MySQLdb.ProgrammingError: (1146, "Table 'cibil.customers' doesn't exist")

The above exception was the direct cause of the following exception:

Traceback (most recent call last):
  File "C:\Users\DINESH\Dropbox\PC\Desktop\studies\cibil_score_checker\score_checker\env\Lib\site-packages\django\core\handlers\exception.py", line 56, in inner
    response = get_response(request)
               ^^^^^^^^^^^^^^^^^^^^^
  File "C:\Users\DINESH\Dropbox\PC\Desktop\studies\cibil_score_checker\score_checker\env\Lib\site-packages\django\core\handlers\base.py", line 197, in _get_response
    response = wrapped_callback(request, *callback_args, **callback_kwargs)
               ^^^^^^^^^^^^^^^^^^^^^^^^^^^^^^^^^^^^^^^^^^^^^^^^^^^^^^^^^^^^
  File "C:\Users\DINESH\Dropbox\PC\Desktop\studies\cibil_score_checker\score_checker\env\Lib\site-packages\django\views\decorators\csrf.py", line 55, in wrapped_view
    return view_func(*args, **kwargs)
           ^^^^^^^^^^^^^^^^^^^^^^^^^^
  File "C:\Users\DINESH\Dropbox\PC\Desktop\studies\cibil_score_checker\score_checker\env\Lib\site-packages\django\views\generic\base.py", line 84, in view
    return self.dispatch(request, *args, **kwargs)
           ^^^^^^^^^^^^^^^^^^^^^^^^^^^^^^^^^^^^^^^
  File "C:\Users\DINESH\Dropbox\PC\Desktop\studies\cibil_score_checker\score_checker\env\Lib\site-packages\rest_framework\views.py", line 509, in dispatch
    response = self.handle_exception(exc)
               ^^^^^^^^^^^^^^^^^^^^^^^^^^
  File "C:\Users\DINESH\Dropbox\PC\Desktop\studies\cibil_score_checker\score_checker\env\Lib\site-packages\rest_framework\views.py", line 469, in handle_exception
    self.raise_uncaught_exception(exc)
  File "C:\Users\DINESH\Dropbox\PC\Desktop\studies\cibil_score_checker\score_checker\env\Lib\site-packages\rest_framework\views.py", line 480, in raise_uncaught_exception
    raise exc
  File "C:\Users\DINESH\Dropbox\PC\Desktop\studies\cibil_score_checker\score_checker\env\Lib\site-packages\rest_framework\views.py", line 506, in dispatch
    response = handler(request, *args, **kwargs)
               ^^^^^^^^^^^^^^^^^^^^^^^^^^^^^^^^^
  File "C:\Users\DINESH\Dropbox\PC\Desktop\studies\cibil_score_checker\score_checker\env\Lib\site-packages\rest_framework\decorators.py", line 50, in handler
    return func(*args, **kwargs)
           ^^^^^^^^^^^^^^^^^^^^^
  File "C:\Users\DINESH\Dropbox\PC\Desktop\studies\cibil_score_checker\score_checker\main_app\views.py", line 115, in check_cibil_score
    customer = get_object_or_404(Customer, pan_card_number=pan_card_number)
               ^^^^^^^^^^^^^^^^^^^^^^^^^^^^^^^^^^^^^^^^^^^^^^^^^^^^^^^^^^^^
  File "C:\Users\DINESH\Dropbox\PC\Desktop\studies\cibil_score_checker\score_checker\env\Lib\site-packages\django\shortcuts.py", line 85, in get_object_or_404
    return queryset.get(*args, **kwargs)
           ^^^^^^^^^^^^^^^^^^^^^^^^^^^^^
  File "C:\Users\DINESH\Dropbox\PC\Desktop\studies\cibil_score_checker\score_checker\env\Lib\site-packages\django\db\models\query.py", line 492, in get
    num = len(clone)
          ^^^^^^^^^^
  File "C:\Users\DINESH\Dropbox\PC\Desktop\studies\cibil_score_checker\score_checker\env\Lib\site-packages\django\db\models\query.py", line 302, in __len__
    self._fetch_all()
  File "C:\Users\DINESH\Dropbox\PC\Desktop\studies\cibil_score_checker\score_checker\env\Lib\site-packages\django\db\models\query.py", line 1507, in _fetch_all
    self._result_cache = list(self._iterable_class(self))
                         ^^^^^^^^^^^^^^^^^^^^^^^^^^^^^^^^
  File "C:\Users\DINESH\Dropbox\PC\Desktop\studies\cibil_score_checker\score_checker\env\Lib\site-packages\django\db\models\query.py", line 57, in __iter__
    results = compiler.execute_sql(
              ^^^^^^^^^^^^^^^^^^^^^
  File "C:\Users\DINESH\Dropbox\PC\Desktop\studies\cibil_score_checker\score_checker\env\Lib\site-packages\django\db\models\sql\compiler.py", line 1361, in execute_sql
    cursor.execute(sql, params)
  File "C:\Users\DINESH\Dropbox\PC\Desktop\studies\cibil_score_checker\score_checker\env\Lib\site-packages\django\db\backends\utils.py", line 102, in execute
    return super().execute(sql, params)
           ^^^^^^^^^^^^^^^^^^^^^^^^^^^^
  File "C:\Users\DINESH\Dropbox\PC\Desktop\studies\cibil_score_checker\score_checker\env\Lib\site-packages\django\db\backends\utils.py", line 67, in execute
    return self._execute_with_wrappers(
           ^^^^^^^^^^^^^^^^^^^^^^^^^^^^
  File "C:\Users\DINESH\Dropbox\PC\Desktop\studies\cibil_score_checker\score_checker\env\Lib\site-packages\django\db\backends\utils.py", line 80, in _execute_with_wrappers
    return executor(sql, params, many, context)
           ^^^^^^^^^^^^^^^^^^^^^^^^^^^^^^^^^^^^
  File "C:\Users\DINESH\Dropbox\PC\Desktop\studies\cibil_score_checker\score_checker\env\Lib\site-packages\django\db\backends\utils.py", line 84, in _execute
    with self.db.wrap_database_errors:
  File "C:\Users\DINESH\Dropbox\PC\Desktop\studies\cibil_score_checker\score_checker\env\Lib\site-packages\django\db\utils.py", line 91, in __exit__
    raise dj_exc_value.with_traceback(traceback) from exc_value
  File "C:\Users\DINESH\Dropbox\PC\Desktop\studies\cibil_score_checker\score_checker\env\Lib\site-packages\django\db\backends\utils.py", line 89, in _execute
    return self.cursor.execute(sql, params)
           ^^^^^^^^^^^^^^^^^^^^^^^^^^^^^^^^
  File "C:\Users\DINESH\Dropbox\PC\Desktop\studies\cibil_score_checker\score_checker\env\Lib\site-packages\django\db\backends\mysql\base.py", line 75, in execute
    return self.cursor.execute(query, args)
           ^^^^^^^^^^^^^^^^^^^^^^^^^^^^^^^^
  File "C:\Users\DINESH\Dropbox\PC\Desktop\studies\cibil_score_checker\score_checker\env\Lib\site-packages\MySQLdb\cursors.py", line 179, in execute
    res = self._query(mogrified_query)
          ^^^^^^^^^^^^^^^^^^^^^^^^^^^^
  File "C:\Users\DINESH\Dropbox\PC\Desktop\studies\cibil_score_checker\score_checker\env\Lib\site-packages\MySQLdb\cursors.py", line 330, in _query
    db.query(q)
  File "C:\Users\DINESH\Dropbox\PC\Desktop\studies\cibil_score_checker\score_checker\env\Lib\site-packages\MySQLdb\connections.py", line 255, in query
    _mysql.connection.query(self, query)
django.db.utils.ProgrammingError: (1146, "Table 'cibil.customers' doesn't exist")
ERROR 2025-06-23 09:40:56,123 basehttp 16796 30184 "POST /check-cibil-score/ HTTP/1.1" 500 202388
INFO 2025-06-23 09:41:43,072 autoreload 34288 3748 Watching for file changes with StatReloader
INFO 2025-06-23 09:43:53,053 autoreload 22536 20784 Watching for file changes with StatReloader
WARNING 2025-06-23 09:43:55,625 log 22536 22320 Not Found: /
WARNING 2025-06-23 09:43:55,626 basehttp 22536 22320 "GET / HTTP/1.1" 404 4890
ERROR 2025-06-23 09:44:08,783 log 22536 22320 Internal Server Error: /loans/
Traceback (most recent call last):
  File "C:\Users\DINESH\Dropbox\PC\Desktop\studies\cibil_score_checker\score_checker\env\Lib\site-packages\django\db\backends\utils.py", line 89, in _execute
    return self.cursor.execute(sql, params)
           ^^^^^^^^^^^^^^^^^^^^^^^^^^^^^^^^
  File "C:\Users\DINESH\Dropbox\PC\Desktop\studies\cibil_score_checker\score_checker\env\Lib\site-packages\django\db\backends\mysql\base.py", line 75, in execute
    return self.cursor.execute(query, args)
           ^^^^^^^^^^^^^^^^^^^^^^^^^^^^^^^^
  File "C:\Users\DINESH\Dropbox\PC\Desktop\studies\cibil_score_checker\score_checker\env\Lib\site-packages\MySQLdb\cursors.py", line 179, in execute
    res = self._query(mogrified_query)
          ^^^^^^^^^^^^^^^^^^^^^^^^^^^^
  File "C:\Users\DINESH\Dropbox\PC\Desktop\studies\cibil_score_checker\score_checker\env\Lib\site-packages\MySQLdb\cursors.py", line 330, in _query
    db.query(q)
  File "C:\Users\DINESH\Dropbox\PC\Desktop\studies\cibil_score_checker\score_checker\env\Lib\site-packages\MySQLdb\connections.py", line 255, in query
    _mysql.connection.query(self, query)
MySQLdb.ProgrammingError: (1146, "Table 'cibil.loans' doesn't exist")

The above exception was the direct cause of the following exception:

Traceback (most recent call last):
  File "C:\Users\DINESH\Dropbox\PC\Desktop\studies\cibil_score_checker\score_checker\env\Lib\site-packages\django\core\handlers\exception.py", line 56, in inner
    response = get_response(request)
               ^^^^^^^^^^^^^^^^^^^^^
  File "C:\Users\DINESH\Dropbox\PC\Desktop\studies\cibil_score_checker\score_checker\env\Lib\site-packages\django\core\handlers\base.py", line 197, in _get_response
    response = wrapped_callback(request, *callback_args, **callback_kwargs)
               ^^^^^^^^^^^^^^^^^^^^^^^^^^^^^^^^^^^^^^^^^^^^^^^^^^^^^^^^^^^^
  File "C:\Users\DINESH\Dropbox\PC\Desktop\studies\cibil_score_checker\score_checker\env\Lib\site-packages\django\views\decorators\csrf.py", line 55, in wrapped_view
    return view_func(*args, **kwargs)
           ^^^^^^^^^^^^^^^^^^^^^^^^^^
  File "C:\Users\DINESH\Dropbox\PC\Desktop\studies\cibil_score_checker\score_checker\env\Lib\site-packages\django\views\generic\base.py", line 84, in view
    return self.dispatch(request, *args, **kwargs)
           ^^^^^^^^^^^^^^^^^^^^^^^^^^^^^^^^^^^^^^^
  File "C:\Users\DINESH\Dropbox\PC\Desktop\studies\cibil_score_checker\score_checker\env\Lib\site-packages\rest_framework\views.py", line 509, in dispatch
    response = self.handle_exception(exc)
               ^^^^^^^^^^^^^^^^^^^^^^^^^^
  File "C:\Users\DINESH\Dropbox\PC\Desktop\studies\cibil_score_checker\score_checker\env\Lib\site-packages\rest_framework\views.py", line 469, in handle_exception
    self.raise_uncaught_exception(exc)
  File "C:\Users\DINESH\Dropbox\PC\Desktop\studies\cibil_score_checker\score_checker\env\Lib\site-packages\rest_framework\views.py", line 480, in raise_uncaught_exception
    raise exc
  File "C:\Users\DINESH\Dropbox\PC\Desktop\studies\cibil_score_checker\score_checker\env\Lib\site-packages\rest_framework\views.py", line 506, in dispatch
    response = handler(request, *args, **kwargs)
               ^^^^^^^^^^^^^^^^^^^^^^^^^^^^^^^^^
  File "C:\Users\DINESH\Dropbox\PC\Desktop\studies\cibil_score_checker\score_checker\env\Lib\site-packages\rest_framework\generics.py", line 239, in get
    return self.list(request, *args, **kwargs)
           ^^^^^^^^^^^^^^^^^^^^^^^^^^^^^^^^^^^
  File "C:\Users\DINESH\Dropbox\PC\Desktop\studies\cibil_score_checker\score_checker\env\Lib\site-packages\rest_framework\mixins.py", line 40, in list
    page = self.paginate_queryset(queryset)
           ^^^^^^^^^^^^^^^^^^^^^^^^^^^^^^^^
  File "C:\Users\DINESH\Dropbox\PC\Desktop\studies\cibil_score_checker\score_checker\env\Lib\site-packages\rest_framework\generics.py", line 171, in paginate_queryset
    return self.paginator.paginate_queryset(queryset, self.request, view=self)
           ^^^^^^^^^^^^^^^^^^^^^^^^^^^^^^^^^^^^^^^^^^^^^^^^^^^^^^^^^^^^^^^^^^^
  File "C:\Users\DINESH\Dropbox\PC\Desktop\studies\cibil_score_checker\score_checker\env\Lib\site-packages\rest_framework\pagination.py", line 204, in paginate_queryset
    self.page = paginator.page(page_number)
                ^^^^^^^^^^^^^^^^^^^^^^^^^^^
  File "C:\Users\DINESH\Dropbox\PC\Desktop\studies\cibil_score_checker\score_checker\env\Lib\site-packages\django\core\paginator.py", line 75, in page
    number = self.validate_number(number)
             ^^^^^^^^^^^^^^^^^^^^^^^^^^^^
  File "C:\Users\DINESH\Dropbox\PC\Desktop\studies\cibil_score_checker\score_checker\env\Lib\site-packages\django\core\paginator.py", line 53, in validate_number
    if number > self.num_pages:
                ^^^^^^^^^^^^^^
  File "C:\Users\DINESH\Dropbox\PC\Desktop\studies\cibil_score_checker\score_checker\env\Lib\site-packages\django\utils\functional.py", line 49, in __get__
    res = instance.__dict__[self.name] = self.func(instance)
                                         ^^^^^^^^^^^^^^^^^^^
  File "C:\Users\DINESH\Dropbox\PC\Desktop\studies\cibil_score_checker\score_checker\env\Lib\site-packages\django\core\paginator.py", line 102, in num_pages
    if self.count == 0 and not self.allow_empty_first_page:
       ^^^^^^^^^^
  File "C:\Users\DINESH\Dropbox\PC\Desktop\studies\cibil_score_checker\score_checker\env\Lib\site-packages\django\utils\functional.py", line 49, in __get__
    res = instance.__dict__[self.name] = self.func(instance)
                                         ^^^^^^^^^^^^^^^^^^^
  File "C:\Users\DINESH\Dropbox\PC\Desktop\studies\cibil_score_checker\score_checker\env\Lib\site-packages\django\core\paginator.py", line 96, in count
    return c()
           ^^^
  File "C:\Users\DINESH\Dropbox\PC\Desktop\studies\cibil_score_checker\score_checker\env\Lib\site-packages\django\db\models\query.py", line 470, in count
    return self.query.get_count(using=self.db)
           ^^^^^^^^^^^^^^^^^^^^^^^^^^^^^^^^^^^
  File "C:\Users\DINESH\Dropbox\PC\Desktop\studies\cibil_score_checker\score_checker\env\Lib\site-packages\django\db\models\sql\query.py", line 552, in get_count
    number = obj.get_aggregation(using, ["__count"])["__count"]
             ^^^^^^^^^^^^^^^^^^^^^^^^^^^^^^^^^^^^^^^
  File "C:\Users\DINESH\Dropbox\PC\Desktop\studies\cibil_score_checker\score_checker\env\Lib\site-packages\django\db\models\sql\query.py", line 537, in get_aggregation
    result = compiler.execute_sql(SINGLE)
             ^^^^^^^^^^^^^^^^^^^^^^^^^^^^
  File "C:\Users\DINESH\Dropbox\PC\Desktop\studies\cibil_score_checker\score_checker\env\Lib\site-packages\django\db\models\sql\compiler.py", line 1361, in execute_sql
    cursor.execute(sql, params)
  File "C:\Users\DINESH\Dropbox\PC\Desktop\studies\cibil_score_checker\score_checker\env\Lib\site-packages\django\db\backends\utils.py", line 102, in execute
    return super().execute(sql, params)
           ^^^^^^^^^^^^^^^^^^^^^^^^^^^^
  File "C:\Users\DINESH\Dropbox\PC\Desktop\studies\cibil_score_checker\score_checker\env\Lib\site-packages\django\db\backends\utils.py", line 67, in execute
    return self._execute_with_wrappers(
           ^^^^^^^^^^^^^^^^^^^^^^^^^^^^
  File "C:\Users\DINESH\Dropbox\PC\Desktop\studies\cibil_score_checker\score_checker\env\Lib\site-packages\django\db\backends\utils.py", line 80, in _execute_with_wrappers
    return executor(sql, params, many, context)
           ^^^^^^^^^^^^^^^^^^^^^^^^^^^^^^^^^^^^
  File "C:\Users\DINESH\Dropbox\PC\Desktop\studies\cibil_score_checker\score_checker\env\Lib\site-packages\django\db\backends\utils.py", line 84, in _execute
    with self.db.wrap_database_errors:
  File "C:\Users\DINESH\Dropbox\PC\Desktop\studies\cibil_score_checker\score_checker\env\Lib\site-packages\django\db\utils.py", line 91, in __exit__
    raise dj_exc_value.with_traceback(traceback) from exc_value
  File "C:\Users\DINESH\Dropbox\PC\Desktop\studies\cibil_score_checker\score_checker\env\Lib\site-packages\django\db\backends\utils.py", line 89, in _execute
    return self.cursor.execute(sql, params)
           ^^^^^^^^^^^^^^^^^^^^^^^^^^^^^^^^
  File "C:\Users\DINESH\Dropbox\PC\Desktop\studies\cibil_score_checker\score_checker\env\Lib\site-packages\django\db\backends\mysql\base.py", line 75, in execute
    return self.cursor.execute(query, args)
           ^^^^^^^^^^^^^^^^^^^^^^^^^^^^^^^^
  File "C:\Users\DINESH\Dropbox\PC\Desktop\studies\cibil_score_checker\score_checker\env\Lib\site-packages\MySQLdb\cursors.py", line 179, in execute
    res = self._query(mogrified_query)
          ^^^^^^^^^^^^^^^^^^^^^^^^^^^^
  File "C:\Users\DINESH\Dropbox\PC\Desktop\studies\cibil_score_checker\score_checker\env\Lib\site-packages\MySQLdb\cursors.py", line 330, in _query
    db.query(q)
  File "C:\Users\DINESH\Dropbox\PC\Desktop\studies\cibil_score_checker\score_checker\env\Lib\site-packages\MySQLdb\connections.py", line 255, in query
    _mysql.connection.query(self, query)
django.db.utils.ProgrammingError: (1146, "Table 'cibil.loans' doesn't exist")
ERROR 2025-06-23 09:44:08,801 basehttp 22536 22320 "GET /loans/ HTTP/1.1" 500 222818
INFO 2025-06-23 09:45:57,327 autoreload 16832 30208 Watching for file changes with StatReloader
ERROR 2025-06-23 09:46:01,638 log 16832 26388 Internal Server Error: /check-cibil-score/
Traceback (most recent call last):
  File "C:\Users\DINESH\Dropbox\PC\Desktop\studies\cibil_score_checker\score_checker\env\Lib\site-packages\django\db\backends\utils.py", line 89, in _execute
    return self.cursor.execute(sql, params)
           ^^^^^^^^^^^^^^^^^^^^^^^^^^^^^^^^
  File "C:\Users\DINESH\Dropbox\PC\Desktop\studies\cibil_score_checker\score_checker\env\Lib\site-packages\django\db\backends\mysql\base.py", line 75, in execute
    return self.cursor.execute(query, args)
           ^^^^^^^^^^^^^^^^^^^^^^^^^^^^^^^^
  File "C:\Users\DINESH\Dropbox\PC\Desktop\studies\cibil_score_checker\score_checker\env\Lib\site-packages\MySQLdb\cursors.py", line 179, in execute
    res = self._query(mogrified_query)
          ^^^^^^^^^^^^^^^^^^^^^^^^^^^^
  File "C:\Users\DINESH\Dropbox\PC\Desktop\studies\cibil_score_checker\score_checker\env\Lib\site-packages\MySQLdb\cursors.py", line 330, in _query
    db.query(q)
  File "C:\Users\DINESH\Dropbox\PC\Desktop\studies\cibil_score_checker\score_checker\env\Lib\site-packages\MySQLdb\connections.py", line 255, in query
    _mysql.connection.query(self, query)
MySQLdb.ProgrammingError: (1146, "Table 'cibil.customers' doesn't exist")

The above exception was the direct cause of the following exception:

Traceback (most recent call last):
  File "C:\Users\DINESH\Dropbox\PC\Desktop\studies\cibil_score_checker\score_checker\env\Lib\site-packages\django\core\handlers\exception.py", line 56, in inner
    response = get_response(request)
               ^^^^^^^^^^^^^^^^^^^^^
  File "C:\Users\DINESH\Dropbox\PC\Desktop\studies\cibil_score_checker\score_checker\env\Lib\site-packages\django\core\handlers\base.py", line 197, in _get_response
    response = wrapped_callback(request, *callback_args, **callback_kwargs)
               ^^^^^^^^^^^^^^^^^^^^^^^^^^^^^^^^^^^^^^^^^^^^^^^^^^^^^^^^^^^^
  File "C:\Users\DINESH\Dropbox\PC\Desktop\studies\cibil_score_checker\score_checker\env\Lib\site-packages\django\views\decorators\csrf.py", line 55, in wrapped_view
    return view_func(*args, **kwargs)
           ^^^^^^^^^^^^^^^^^^^^^^^^^^
  File "C:\Users\DINESH\Dropbox\PC\Desktop\studies\cibil_score_checker\score_checker\env\Lib\site-packages\django\views\generic\base.py", line 84, in view
    return self.dispatch(request, *args, **kwargs)
           ^^^^^^^^^^^^^^^^^^^^^^^^^^^^^^^^^^^^^^^
  File "C:\Users\DINESH\Dropbox\PC\Desktop\studies\cibil_score_checker\score_checker\env\Lib\site-packages\rest_framework\views.py", line 509, in dispatch
    response = self.handle_exception(exc)
               ^^^^^^^^^^^^^^^^^^^^^^^^^^
  File "C:\Users\DINESH\Dropbox\PC\Desktop\studies\cibil_score_checker\score_checker\env\Lib\site-packages\rest_framework\views.py", line 469, in handle_exception
    self.raise_uncaught_exception(exc)
  File "C:\Users\DINESH\Dropbox\PC\Desktop\studies\cibil_score_checker\score_checker\env\Lib\site-packages\rest_framework\views.py", line 480, in raise_uncaught_exception
    raise exc
  File "C:\Users\DINESH\Dropbox\PC\Desktop\studies\cibil_score_checker\score_checker\env\Lib\site-packages\rest_framework\views.py", line 506, in dispatch
    response = handler(request, *args, **kwargs)
               ^^^^^^^^^^^^^^^^^^^^^^^^^^^^^^^^^
  File "C:\Users\DINESH\Dropbox\PC\Desktop\studies\cibil_score_checker\score_checker\env\Lib\site-packages\rest_framework\decorators.py", line 50, in handler
    return func(*args, **kwargs)
           ^^^^^^^^^^^^^^^^^^^^^
  File "C:\Users\DINESH\Dropbox\PC\Desktop\studies\cibil_score_checker\score_checker\main_app\views.py", line 115, in check_cibil_score
    customer = get_object_or_404(Customer, pan_card_number=pan_card_number)
               ^^^^^^^^^^^^^^^^^^^^^^^^^^^^^^^^^^^^^^^^^^^^^^^^^^^^^^^^^^^^
  File "C:\Users\DINESH\Dropbox\PC\Desktop\studies\cibil_score_checker\score_checker\env\Lib\site-packages\django\shortcuts.py", line 85, in get_object_or_404
    return queryset.get(*args, **kwargs)
           ^^^^^^^^^^^^^^^^^^^^^^^^^^^^^
  File "C:\Users\DINESH\Dropbox\PC\Desktop\studies\cibil_score_checker\score_checker\env\Lib\site-packages\django\db\models\query.py", line 492, in get
    num = len(clone)
          ^^^^^^^^^^
  File "C:\Users\DINESH\Dropbox\PC\Desktop\studies\cibil_score_checker\score_checker\env\Lib\site-packages\django\db\models\query.py", line 302, in __len__
    self._fetch_all()
  File "C:\Users\DINESH\Dropbox\PC\Desktop\studies\cibil_score_checker\score_checker\env\Lib\site-packages\django\db\models\query.py", line 1507, in _fetch_all
    self._result_cache = list(self._iterable_class(self))
                         ^^^^^^^^^^^^^^^^^^^^^^^^^^^^^^^^
  File "C:\Users\DINESH\Dropbox\PC\Desktop\studies\cibil_score_checker\score_checker\env\Lib\site-packages\django\db\models\query.py", line 57, in __iter__
    results = compiler.execute_sql(
              ^^^^^^^^^^^^^^^^^^^^^
  File "C:\Users\DINESH\Dropbox\PC\Desktop\studies\cibil_score_checker\score_checker\env\Lib\site-packages\django\db\models\sql\compiler.py", line 1361, in execute_sql
    cursor.execute(sql, params)
  File "C:\Users\DINESH\Dropbox\PC\Desktop\studies\cibil_score_checker\score_checker\env\Lib\site-packages\django\db\backends\utils.py", line 102, in execute
    return super().execute(sql, params)
           ^^^^^^^^^^^^^^^^^^^^^^^^^^^^
  File "C:\Users\DINESH\Dropbox\PC\Desktop\studies\cibil_score_checker\score_checker\env\Lib\site-packages\django\db\backends\utils.py", line 67, in execute
    return self._execute_with_wrappers(
           ^^^^^^^^^^^^^^^^^^^^^^^^^^^^
  File "C:\Users\DINESH\Dropbox\PC\Desktop\studies\cibil_score_checker\score_checker\env\Lib\site-packages\django\db\backends\utils.py", line 80, in _execute_with_wrappers
    return executor(sql, params, many, context)
           ^^^^^^^^^^^^^^^^^^^^^^^^^^^^^^^^^^^^
  File "C:\Users\DINESH\Dropbox\PC\Desktop\studies\cibil_score_checker\score_checker\env\Lib\site-packages\django\db\backends\utils.py", line 84, in _execute
    with self.db.wrap_database_errors:
  File "C:\Users\DINESH\Dropbox\PC\Desktop\studies\cibil_score_checker\score_checker\env\Lib\site-packages\django\db\utils.py", line 91, in __exit__
    raise dj_exc_value.with_traceback(traceback) from exc_value
  File "C:\Users\DINESH\Dropbox\PC\Desktop\studies\cibil_score_checker\score_checker\env\Lib\site-packages\django\db\backends\utils.py", line 89, in _execute
    return self.cursor.execute(sql, params)
           ^^^^^^^^^^^^^^^^^^^^^^^^^^^^^^^^
  File "C:\Users\DINESH\Dropbox\PC\Desktop\studies\cibil_score_checker\score_checker\env\Lib\site-packages\django\db\backends\mysql\base.py", line 75, in execute
    return self.cursor.execute(query, args)
           ^^^^^^^^^^^^^^^^^^^^^^^^^^^^^^^^
  File "C:\Users\DINESH\Dropbox\PC\Desktop\studies\cibil_score_checker\score_checker\env\Lib\site-packages\MySQLdb\cursors.py", line 179, in execute
    res = self._query(mogrified_query)
          ^^^^^^^^^^^^^^^^^^^^^^^^^^^^
  File "C:\Users\DINESH\Dropbox\PC\Desktop\studies\cibil_score_checker\score_checker\env\Lib\site-packages\MySQLdb\cursors.py", line 330, in _query
    db.query(q)
  File "C:\Users\DINESH\Dropbox\PC\Desktop\studies\cibil_score_checker\score_checker\env\Lib\site-packages\MySQLdb\connections.py", line 255, in query
    _mysql.connection.query(self, query)
django.db.utils.ProgrammingError: (1146, "Table 'cibil.customers' doesn't exist")
ERROR 2025-06-23 09:46:01,650 basehttp 16832 26388 "POST /check-cibil-score/ HTTP/1.1" 500 202388
INFO 2025-06-23 09:58:05,235 autoreload 18528 23900 Watching for file changes with StatReloader
INFO 2025-06-23 09:58:08,192 basehttp 18528 1600 "POST /check-cibil-score/ HTTP/1.1" 200 3889
INFO 2025-06-23 09:58:45,185 basehttp 18528 1600 "POST /check-cibil-score/ HTTP/1.1" 200 3889
INFO 2025-06-23 10:01:50,661 autoreload 18528 23900 C:\Users\DINESH\Dropbox\PC\Desktop\studies\cibil_score_checker\score_checker\main_app\cibil_calculator.py changed, reloading.
INFO 2025-06-23 10:01:51,693 autoreload 29112 32716 Watching for file changes with StatReloader
INFO 2025-06-23 10:02:07,350 autoreload 29112 32716 C:\Users\DINESH\Dropbox\PC\Desktop\studies\cibil_score_checker\score_checker\main_app\cibil_calculator.py changed, reloading.
INFO 2025-06-23 10:02:08,279 autoreload 17116 31812 Watching for file changes with StatReloader
INFO 2025-06-23 11:12:19,696 basehttp 17116 3960 "POST /check-cibil-score/ HTTP/1.1" 200 3889
INFO 2025-06-23 11:29:24,297 autoreload 34472 28244 Watching for file changes with StatReloader
INFO 2025-06-23 11:29:28,657 basehttp 34472 35596 "POST /check-cibil-score/ HTTP/1.1" 200 3889
INFO 2025-06-24 08:47:10,027 autoreload 13680 22088 Watching for file changes with StatReloader
INFO 2025-06-24 08:47:17,775 basehttp 13680 28252 "POST /check-cibil-score/ HTTP/1.1" 200 3889
INFO 2025-06-24 10:50:11,206 autoreload 13680 22088 C:\Users\DINESH\Dropbox\PC\Desktop\studies\cibil_score_checker\score_checker\main_app\cibil_calculator.py changed, reloading.
INFO 2025-06-24 10:50:13,272 autoreload 33860 24868 Watching for file changes with StatReloader
INFO 2025-06-24 10:50:18,412 autoreload 33860 24868 C:\Users\DINESH\Dropbox\PC\Desktop\studies\cibil_score_checker\score_checker\main_app\cibil_calculator.py changed, reloading.
INFO 2025-06-24 10:50:19,595 autoreload 23692 30068 Watching for file changes with StatReloader
INFO 2025-06-25 19:27:38,893 autoreload 32660 22400 Watching for file changes with StatReloader
INFO 2025-06-25 19:33:45,723 autoreload 32660 22400 C:\Users\DINESH\Dropbox\PC\Desktop\studies\cibil_score_checker\score_checker\main_app\cibil_calculator.py changed, reloading.
INFO 2025-06-25 19:33:46,973 autoreload 14664 29092 Watching for file changes with StatReloader
INFO 2025-06-25 19:35:22,452 autoreload 14664 29092 C:\Users\DINESH\Dropbox\PC\Desktop\studies\cibil_score_checker\score_checker\main_app\views.py changed, reloading.
INFO 2025-06-25 19:35:23,524 autoreload 24184 29032 Watching for file changes with StatReloader
INFO 2025-06-25 19:35:28,297 autoreload 24184 29032 C:\Users\DINESH\Dropbox\PC\Desktop\studies\cibil_score_checker\score_checker\main_app\views.py changed, reloading.
INFO 2025-06-25 19:35:29,318 autoreload 1432 28400 Watching for file changes with StatReloader
INFO 2025-06-25 19:35:35,181 autoreload 1432 28400 C:\Users\DINESH\Dropbox\PC\Desktop\studies\cibil_score_checker\score_checker\main_app\views.py changed, reloading.
INFO 2025-06-25 19:35:36,193 autoreload 23312 5280 Watching for file changes with StatReloader
ERROR 2025-06-25 19:35:52,829 log 23312 28196 Internal Server Error: /check-cibil-score/
ERROR 2025-06-25 19:35:52,831 basehttp 23312 28196 "POST /check-cibil-score/ HTTP/1.1" 500 151
ERROR 2025-06-25 19:36:10,588 log 23312 28196 Internal Server Error: /check-cibil-score/
ERROR 2025-06-25 19:36:10,590 basehttp 23312 28196 "POST /check-cibil-score/ HTTP/1.1" 500 151
INFO 2025-06-25 19:37:00,860 autoreload 23312 5280 C:\Users\DINESH\Dropbox\PC\Desktop\studies\cibil_score_checker\score_checker\main_app\cibil_calculator.py changed, reloading.
INFO 2025-06-25 19:37:02,033 autoreload 3316 2968 Watching for file changes with StatReloader
INFO 2025-06-25 19:38:27,466 autoreload 3316 2968 C:\Users\DINESH\Dropbox\PC\Desktop\studies\cibil_score_checker\score_checker\main_app\cibil_calculator.py changed, reloading.
INFO 2025-06-25 19:38:28,729 autoreload 30588 14492 Watching for file changes with StatReloader
INFO 2025-06-25 19:38:42,199 autoreload 30588 14492 C:\Users\DINESH\Dropbox\PC\Desktop\studies\cibil_score_checker\score_checker\main_app\views.py changed, reloading.
INFO 2025-06-25 19:38:43,202 autoreload 26236 25136 Watching for file changes with StatReloader
INFO 2025-06-25 19:38:46,504 basehttp 26236 25976 "POST /check-cibil-score/ HTTP/1.1" 200 3889
INFO 2025-06-25 19:47:38,964 autoreload 26236 25136 C:\Users\DINESH\Dropbox\PC\Desktop\studies\cibil_score_checker\score_checker\main_app\cibil_calculator.py changed, reloading.
INFO 2025-06-25 19:47:40,266 autoreload 10476 32460 Watching for file changes with StatReloader
INFO 2025-06-25 19:48:09,145 autoreload 10476 32460 C:\Users\DINESH\Dropbox\PC\Desktop\studies\cibil_score_checker\score_checker\main_app\views.py changed, reloading.
INFO 2025-06-25 19:48:10,181 autoreload 2484 7736 Watching for file changes with StatReloader
INFO 2025-06-25 19:48:25,775 autoreload 2484 7736 C:\Users\DINESH\Dropbox\PC\Desktop\studies\cibil_score_checker\score_checker\main_app\views.py changed, reloading.
INFO 2025-06-25 19:48:26,835 autoreload 17888 28104 Watching for file changes with StatReloader
INFO 2025-06-25 19:48:47,760 autoreload 17888 28104 C:\Users\DINESH\Dropbox\PC\Desktop\studies\cibil_score_checker\score_checker\main_app\views.py changed, reloading.
INFO 2025-06-25 19:48:48,726 autoreload 31652 24220 Watching for file changes with StatReloader
INFO 2025-06-25 19:49:10,700 autoreload 31652 24220 C:\Users\DINESH\Dropbox\PC\Desktop\studies\cibil_score_checker\score_checker\main_app\views.py changed, reloading.
INFO 2025-06-25 19:49:11,659 autoreload 28936 10576 Watching for file changes with StatReloader
INFO 2025-06-25 19:49:23,088 autoreload 28936 10576 C:\Users\DINESH\Dropbox\PC\Desktop\studies\cibil_score_checker\score_checker\main_app\views.py changed, reloading.
INFO 2025-06-25 19:49:24,218 autoreload 13700 23136 Watching for file changes with StatReloader
INFO 2025-06-25 19:49:40,836 autoreload 13700 23136 C:\Users\DINESH\Dropbox\PC\Desktop\studies\cibil_score_checker\score_checker\main_app\views.py changed, reloading.
INFO 2025-06-25 19:49:41,861 autoreload 7764 2268 Watching for file changes with StatReloader
INFO 2025-06-25 19:49:44,586 autoreload 7764 2268 C:\Users\DINESH\Dropbox\PC\Desktop\studies\cibil_score_checker\score_checker\main_app\views.py changed, reloading.
INFO 2025-06-25 19:49:45,620 autoreload 1484 6956 Watching for file changes with StatReloader
INFO 2025-06-25 19:49:52,514 autoreload 1484 6956 C:\Users\DINESH\Dropbox\PC\Desktop\studies\cibil_score_checker\score_checker\main_app\views.py changed, reloading.
INFO 2025-06-25 19:49:53,571 autoreload 696 12632 Watching for file changes with StatReloader
INFO 2025-06-25 19:50:07,168 autoreload 696 12632 C:\Users\DINESH\Dropbox\PC\Desktop\studies\cibil_score_checker\score_checker\main_app\urls.py changed, reloading.
INFO 2025-06-25 19:50:08,280 autoreload 16188 25848 Watching for file changes with StatReloader
INFO 2025-06-25 19:50:58,004 autoreload 16188 25848 C:\Users\DINESH\Dropbox\PC\Desktop\studies\cibil_score_checker\score_checker\main_app\urls.py changed, reloading.
INFO 2025-06-25 19:50:59,081 autoreload 18772 11952 Watching for file changes with StatReloader
ERROR 2025-06-25 19:51:02,556 log 18772 7372 Internal Server Error: /check-dynamic-cibil-score/
ERROR 2025-06-25 19:51:02,557 basehttp 18772 7372 "POST /check-dynamic-cibil-score/ HTTP/1.1" 500 152
INFO 2025-06-25 19:53:28,178 autoreload 18772 11952 C:\Users\DINESH\Dropbox\PC\Desktop\studies\cibil_score_checker\score_checker\main_app\cibil_calculator.py changed, reloading.
INFO 2025-06-25 19:53:29,394 autoreload 25268 32684 Watching for file changes with StatReloader
INFO 2025-06-25 19:53:31,882 basehttp 25268 31080 "POST /check-dynamic-cibil-score/ HTTP/1.1" 200 2069
INFO 2025-06-26 20:52:33,821 autoreload 3092 14408 Watching for file changes with StatReloader
INFO 2025-06-26 20:52:50,623 basehttp 3092 5940 "POST /check-dynamic-cibil-score/ HTTP/1.1" 200 2069
INFO 2025-06-26 20:53:37,115 basehttp 3092 5940 "POST /check-dynamic-cibil-score/ HTTP/1.1" 200 2070
INFO 2025-06-26 20:53:56,743 basehttp 3092 5940 "POST /check-dynamic-cibil-score/ HTTP/1.1" 200 2073
INFO 2025-06-26 20:54:22,651 basehttp 3092 5940 "POST /check-dynamic-cibil-score/ HTTP/1.1" 200 2069
INFO 2025-06-26 20:54:42,140 basehttp 3092 5940 "POST /check-dynamic-cibil-score/ HTTP/1.1" 200 2045
INFO 2025-06-26 21:20:33,814 basehttp 3092 8744 "POST /check-dynamic-cibil-score/ HTTP/1.1" 200 2045
INFO 2025-06-26 21:20:56,036 basehttp 3092 8744 "POST /check-dynamic-cibil-score/ HTTP/1.1" 200 2065
INFO 2025-07-11 09:30:13,841 autoreload 24980 23460 Watching for file changes with StatReloader
INFO 2025-07-11 09:31:35,523 autoreload 15380 29220 Watching for file changes with StatReloader
INFO 2025-07-11 09:32:53,827 autoreload 15380 29220 C:\Users\DINESH\Dropbox\PC\Desktop\studies\cibil_score_checker\score_checker\main_app\urls.py changed, reloading.
INFO 2025-07-11 09:32:55,741 autoreload 23948 17400 Watching for file changes with StatReloader
INFO 2025-07-11 09:33:05,531 autoreload 23948 17400 C:\Users\DINESH\Dropbox\PC\Desktop\studies\cibil_score_checker\score_checker\main_app\urls.py changed, reloading.
INFO 2025-07-11 09:33:06,969 autoreload 25160 27464 Watching for file changes with StatReloader
INFO 2025-07-11 09:33:11,546 autoreload 25160 27464 C:\Users\DINESH\Dropbox\PC\Desktop\studies\cibil_score_checker\score_checker\main_app\views.py changed, reloading.
INFO 2025-07-11 09:33:13,209 autoreload 14672 23852 Watching for file changes with StatReloader
INFO 2025-08-07 11:31:02,189 autoreload 20264 27168 Watching for file changes with StatReloader
INFO 2025-08-07 11:31:22,865 basehttp 20264 34236 "POST /check-dynamic-cibil-score/ HTTP/1.1" 200 2065
INFO 2025-08-07 11:32:02,181 basehttp 20264 34236 "POST /check-dynamic-cibil-score/ HTTP/1.1" 200 2075
INFO 2025-08-07 11:32:28,564 autoreload 20264 27168 C:\Users\DINESH\Dropbox\PC\Desktop\studies\cibil_score_checker\score_checker\main_app\cibil_calculator.py changed, reloading.
INFO 2025-08-07 11:32:32,711 autoreload 13884 30184 Watching for file changes with StatReloader
INFO 2025-08-07 11:32:53,682 autoreload 13884 30184 C:\Users\DINESH\Dropbox\PC\Desktop\studies\cibil_score_checker\score_checker\main_app\cibil_calculator.py changed, reloading.
INFO 2025-08-07 11:32:55,908 autoreload 40248 7896 Watching for file changes with StatReloader
INFO 2025-08-07 11:33:02,949 autoreload 40248 7896 C:\Users\DINESH\Dropbox\PC\Desktop\studies\cibil_score_checker\score_checker\main_app\cibil_calculator.py changed, reloading.
INFO 2025-08-07 11:33:05,047 autoreload 27032 41616 Watching for file changes with StatReloader
INFO 2025-08-07 11:33:27,987 autoreload 27032 41616 C:\Users\DINESH\Dropbox\PC\Desktop\studies\cibil_score_checker\score_checker\main_app\views.py changed, reloading.
INFO 2025-08-07 11:33:30,325 autoreload 36144 31132 Watching for file changes with StatReloader
ERROR 2025-08-07 11:33:35,655 log 36144 21172 Internal Server Error: /check-dynamic-cibil-score/
ERROR 2025-08-07 11:33:35,656 basehttp 36144 21172 "POST /check-dynamic-cibil-score/ HTTP/1.1" 500 113
INFO 2025-08-07 11:35:32,779 autoreload 36144 31132 C:\Users\DINESH\Dropbox\PC\Desktop\studies\cibil_score_checker\score_checker\main_app\views.py changed, reloading.
INFO 2025-08-07 11:35:37,666 autoreload 34120 30236 Watching for file changes with StatReloader
INFO 2025-08-07 11:35:45,332 autoreload 34120 30236 C:\Users\DINESH\Dropbox\PC\Desktop\studies\cibil_score_checker\score_checker\main_app\views.py changed, reloading.
INFO 2025-08-07 11:35:48,576 autoreload 29964 18724 Watching for file changes with StatReloader
INFO 2025-08-07 11:36:16,096 autoreload 29964 18724 C:\Users\DINESH\Dropbox\PC\Desktop\studies\cibil_score_checker\score_checker\main_app\views.py changed, reloading.
INFO 2025-08-07 11:36:18,651 autoreload 33192 6208 Watching for file changes with StatReloader
INFO 2025-08-07 11:36:22,875 autoreload 33192 6208 C:\Users\DINESH\Dropbox\PC\Desktop\studies\cibil_score_checker\score_checker\main_app\views.py changed, reloading.
INFO 2025-08-07 11:36:25,495 autoreload 32816 31548 Watching for file changes with StatReloader
INFO 2025-08-07 11:36:30,776 autoreload 32816 31548 C:\Users\DINESH\Dropbox\PC\Desktop\studies\cibil_score_checker\score_checker\main_app\urls.py changed, reloading.
INFO 2025-08-07 11:36:33,223 autoreload 41600 24140 Watching for file changes with StatReloader
INFO 2025-08-07 11:36:40,963 autoreload 41600 24140 C:\Users\DINESH\Dropbox\PC\Desktop\studies\cibil_score_checker\score_checker\main_app\urls.py changed, reloading.
INFO 2025-08-07 11:36:43,185 autoreload 792 3108 Watching for file changes with StatReloader
WARNING 2025-08-07 11:36:50,381 log 792 28468 Bad Request: /check-dynamic-cibil-score/
WARNING 2025-08-07 11:36:50,383 basehttp 792 28468 "POST /check-dynamic-cibil-score/ HTTP/1.1" 400 62
ERROR 2025-08-07 11:37:03,678 log 792 28468 Internal Server Error: /check-dynamic-cibil-score/
ERROR 2025-08-07 11:37:03,679 basehttp 792 28468 "POST /check-dynamic-cibil-score/ HTTP/1.1" 500 147
INFO 2025-08-07 11:40:32,485 autoreload 792 3108 C:\Users\DINESH\Dropbox\PC\Desktop\studies\cibil_score_checker\score_checker\main_app\views.py changed, reloading.
INFO 2025-08-07 11:40:35,095 autoreload 11340 7400 Watching for file changes with StatReloader
INFO 2025-08-07 11:40:38,851 basehttp 11340 22448 "POST /check-dynamic-cibil-score/ HTTP/1.1" 200 1056
INFO 2025-08-07 12:16:16,569 autoreload 11340 7400 C:\Users\DINESH\Dropbox\PC\Desktop\studies\cibil_score_checker\score_checker\main_app\views.py changed, reloading.
INFO 2025-08-07 12:16:18,560 autoreload 37540 21484 Watching for file changes with StatReloader
INFO 2025-08-07 12:17:32,312 autoreload 37540 21484 C:\Users\DINESH\Dropbox\PC\Desktop\studies\cibil_score_checker\score_checker\main_app\urls.py changed, reloading.
INFO 2025-08-07 12:17:33,747 autoreload 696 22740 Watching for file changes with StatReloader
INFO 2025-08-07 12:17:37,094 autoreload 696 22740 C:\Users\DINESH\Dropbox\PC\Desktop\studies\cibil_score_checker\score_checker\main_app\urls.py changed, reloading.
INFO 2025-08-07 12:17:39,039 autoreload 27896 37268 Watching for file changes with StatReloader
INFO 2025-08-07 12:17:42,625 autoreload 27896 37268 C:\Users\DINESH\Dropbox\PC\Desktop\studies\cibil_score_checker\score_checker\main_app\urls.py changed, reloading.
INFO 2025-08-07 12:17:44,625 autoreload 27436 31088 Watching for file changes with StatReloader
INFO 2025-08-07 12:18:09,207 autoreload 27436 31088 C:\Users\DINESH\Dropbox\PC\Desktop\studies\cibil_score_checker\score_checker\main_app\urls.py changed, reloading.
INFO 2025-08-07 12:18:11,772 autoreload 37640 21752 Watching for file changes with StatReloader
INFO 2025-08-07 12:19:44,942 autoreload 37640 21752 C:\Users\DINESH\Dropbox\PC\Desktop\studies\cibil_score_checker\score_checker\main_app\urls.py changed, reloading.
INFO 2025-08-07 12:19:47,240 autoreload 43556 20736 Watching for file changes with StatReloader
INFO 2025-08-07 12:20:08,209 autoreload 43556 20736 C:\Users\DINESH\Dropbox\PC\Desktop\studies\cibil_score_checker\score_checker\main_app\urls.py changed, reloading.
INFO 2025-08-07 12:20:09,491 autoreload 40804 672 Watching for file changes with StatReloader
INFO 2025-08-07 12:20:15,680 autoreload 40804 672 C:\Users\DINESH\Dropbox\PC\Desktop\studies\cibil_score_checker\score_checker\main_app\urls.py changed, reloading.
INFO 2025-08-07 12:20:16,966 autoreload 43824 36680 Watching for file changes with StatReloader
INFO 2025-08-07 12:20:51,019 autoreload 43824 36680 C:\Users\DINESH\Dropbox\PC\Desktop\studies\cibil_score_checker\score_checker\main_app\urls.py changed, reloading.
INFO 2025-08-07 12:20:52,708 autoreload 41784 13600 Watching for file changes with StatReloader
INFO 2025-08-07 12:20:57,705 autoreload 41784 13600 C:\Users\DINESH\Dropbox\PC\Desktop\studies\cibil_score_checker\score_checker\main_app\urls.py changed, reloading.
INFO 2025-08-07 12:20:59,079 autoreload 13128 40136 Watching for file changes with StatReloader
INFO 2025-08-07 12:21:43,303 autoreload 13128 40136 C:\Users\DINESH\Dropbox\PC\Desktop\studies\cibil_score_checker\score_checker\main_app\urls.py changed, reloading.
INFO 2025-08-07 12:21:45,667 autoreload 21004 5228 Watching for file changes with StatReloader
INFO 2025-08-07 12:25:21,157 autoreload 21004 5228 C:\Users\DINESH\Dropbox\PC\Desktop\studies\cibil_score_checker\score_checker\main_app\views.py changed, reloading.
INFO 2025-08-07 12:25:24,105 autoreload 2060 13968 Watching for file changes with StatReloader
INFO 2025-08-07 12:25:31,272 autoreload 2060 13968 C:\Users\DINESH\Dropbox\PC\Desktop\studies\cibil_score_checker\score_checker\main_app\urls.py changed, reloading.
INFO 2025-08-07 12:25:33,024 autoreload 31696 40768 Watching for file changes with StatReloader
ERROR 2025-08-07 12:30:31,134 log 31696 39768 Internal Server Error: /calculate-cibil-score/
ERROR 2025-08-07 12:30:31,136 basehttp 31696 39768 "POST /calculate-cibil-score/ HTTP/1.1" 500 48
INFO 2025-08-07 12:35:48,021 autoreload 31696 40768 C:\Users\DINESH\Dropbox\PC\Desktop\studies\cibil_score_checker\score_checker\main_app\views.py changed, reloading.
INFO 2025-08-07 12:35:49,790 autoreload 34700 38800 Watching for file changes with StatReloader
ERROR 2025-08-07 12:36:05,510 log 34700 20800 Internal Server Error: /calculate-cibil-score/
ERROR 2025-08-07 12:36:05,512 basehttp 34700 20800 "POST /calculate-cibil-score/ HTTP/1.1" 500 48
INFO 2025-08-07 12:37:11,654 autoreload 34700 38800 C:\Users\DINESH\Dropbox\PC\Desktop\studies\cibil_score_checker\score_checker\main_app\views.py changed, reloading.
INFO 2025-08-07 12:37:13,455 autoreload 14552 3704 Watching for file changes with StatReloader
ERROR 2025-08-07 12:37:31,590 log 14552 1192 Internal Server Error: /calculate-cibil-score/
ERROR 2025-08-07 12:37:31,592 basehttp 14552 1192 "POST /calculate-cibil-score/ HTTP/1.1" 500 93
ERROR 2025-08-07 12:38:19,771 log 14552 1192 Internal Server Error: /calculate-cibil-score/
ERROR 2025-08-07 12:38:19,773 basehttp 14552 1192 "POST /calculate-cibil-score/ HTTP/1.1" 500 93
ERROR 2025-08-07 12:40:10,737 log 14552 37716 Internal Server Error: /calculate-cibil-score/
ERROR 2025-08-07 12:40:10,738 basehttp 14552 37716 "POST /calculate-cibil-score/ HTTP/1.1" 500 342
ERROR 2025-08-07 12:41:37,123 log 14552 37328 Internal Server Error: /calculate-cibil-score/
ERROR 2025-08-07 12:41:37,124 basehttp 14552 37328 "POST /calculate-cibil-score/ HTTP/1.1" 500 93
INFO 2025-08-07 12:44:46,111 autoreload 14552 3704 C:\Users\DINESH\Dropbox\PC\Desktop\studies\cibil_score_checker\score_checker\main_app\views.py changed, reloading.
INFO 2025-08-07 12:44:47,961 autoreload 23928 19200 Watching for file changes with StatReloader
WARNING 2025-08-07 12:44:58,381 log 23928 28228 Method Not Allowed: /calculate-cibil-score/
WARNING 2025-08-07 12:44:58,382 basehttp 23928 28228 "GET /calculate-cibil-score/ HTTP/1.1" 405 37
INFO 2025-08-07 12:45:11,204 basehttp 23928 28228 "POST /calculate-cibil-score/ HTTP/1.1" 200 161
INFO 2025-08-07 12:46:11,066 basehttp 23928 28228 "POST /calculate-cibil-score/ HTTP/1.1" 200 150
INFO 2025-08-07 13:29:15,209 basehttp 23928 37500 "POST /calculate-cibil-score/ HTTP/1.1" 200 150
INFO 2025-08-07 13:49:18,592 autoreload 23928 19200 C:\Users\DINESH\Dropbox\PC\Desktop\studies\cibil_score_checker\score_checker\main_app\views.py changed, reloading.
INFO 2025-08-07 13:49:23,598 autoreload 21060 26372 Watching for file changes with StatReloader
ERROR 2025-08-07 13:49:26,913 log 21060 35324 Internal Server Error: /calculate-cibil-score/
ERROR 2025-08-07 13:49:26,915 basehttp 21060 35324 "POST /calculate-cibil-score/ HTTP/1.1" 500 93
INFO 2025-08-07 13:50:56,301 autoreload 21060 26372 C:\Users\DINESH\Dropbox\PC\Desktop\studies\cibil_score_checker\score_checker\score_checker\settings.py changed, reloading.
INFO 2025-08-07 13:50:58,734 autoreload 43400 19224 Watching for file changes with StatReloader
INFO 2025-08-07 13:51:06,100 autoreload 43400 19224 C:\Users\DINESH\Dropbox\PC\Desktop\studies\cibil_score_checker\score_checker\score_checker\settings.py changed, reloading.
INFO 2025-08-07 13:51:08,219 autoreload 13160 3904 Watching for file changes with StatReloader
INFO 2025-08-07 13:51:21,665 autoreload 13160 3904 C:\Users\DINESH\Dropbox\PC\Desktop\studies\cibil_score_checker\score_checker\score_checker\settings.py changed, reloading.
INFO 2025-08-07 13:51:23,566 autoreload 6008 16536 Watching for file changes with StatReloader
INFO 2025-08-07 13:51:26,794 autoreload 6008 16536 C:\Users\DINESH\Dropbox\PC\Desktop\studies\cibil_score_checker\score_checker\score_checker\settings.py changed, reloading.
INFO 2025-08-07 13:51:28,128 autoreload 2964 30248 Watching for file changes with StatReloader
INFO 2025-08-07 13:51:33,017 autoreload 2964 30248 C:\Users\DINESH\Dropbox\PC\Desktop\studies\cibil_score_checker\score_checker\score_checker\settings.py changed, reloading.
INFO 2025-08-07 13:51:34,486 autoreload 20852 24612 Watching for file changes with StatReloader
INFO 2025-08-07 13:51:50,182 autoreload 20852 24612 C:\Users\DINESH\Dropbox\PC\Desktop\studies\cibil_score_checker\score_checker\score_checker\settings.py changed, reloading.
INFO 2025-08-07 13:51:52,134 autoreload 26108 12784 Watching for file changes with StatReloader
INFO 2025-08-07 13:51:55,196 autoreload 26108 12784 C:\Users\DINESH\Dropbox\PC\Desktop\studies\cibil_score_checker\score_checker\score_checker\settings.py changed, reloading.
INFO 2025-08-07 13:51:56,581 autoreload 30528 15204 Watching for file changes with StatReloader
INFO 2025-08-07 13:51:59,577 autoreload 30528 15204 C:\Users\DINESH\Dropbox\PC\Desktop\studies\cibil_score_checker\score_checker\score_checker\settings.py changed, reloading.
INFO 2025-08-07 13:52:01,173 autoreload 35364 41768 Watching for file changes with StatReloader
INFO 2025-08-07 13:52:13,187 autoreload 35364 41768 C:\Users\DINESH\Dropbox\PC\Desktop\studies\cibil_score_checker\score_checker\score_checker\settings.py changed, reloading.
INFO 2025-08-07 13:52:16,714 autoreload 36124 27404 Watching for file changes with StatReloader
INFO 2025-08-07 13:52:31,530 autoreload 4012 26264 Watching for file changes with StatReloader
INFO 2025-08-07 13:56:47,463 basehttp 4012 36292 "POST /calculate-cibil-score/ HTTP/1.1" 200 150
INFO 2025-08-07 14:01:47,231 autoreload 4012 26264 C:\Users\DINESH\Dropbox\PC\Desktop\studies\cibil_score_checker\score_checker\score_checker\settings.py changed, reloading.
INFO 2025-08-07 14:03:21,313 autoreload 36528 42196 Watching for file changes with StatReloader
INFO 2025-08-07 14:03:38,991 autoreload 35352 18548 Watching for file changes with StatReloader
ERROR 2025-08-07 14:04:12,283 log 35352 22648 Internal Server Error: /calculate-cibil-score/
ERROR 2025-08-07 14:04:12,285 basehttp 35352 22648 "POST /calculate-cibil-score/ HTTP/1.1" 500 273
INFO 2025-08-07 14:04:23,473 basehttp 35352 22648 - Broken pipe from ('10.110.180.21', 58136)

INFO 2025-08-07 14:09:24,488 basehttp 35352 5484 "POST /calculate-cibil-score/ HTTP/1.1" 200 150
INFO 2025-08-07 14:09:39,236 basehttp 35352 21812 "POST /calculate-cibil-score/ HTTP/1.1" 200 150
INFO 2025-08-07 14:10:19,842 basehttp 35352 3472 "OPTIONS /calculate-cibil-score/ HTTP/1.1" 200 0
INFO 2025-08-07 14:10:19,856 basehttp 35352 27220 "OPTIONS /calculate-cibil-score/ HTTP/1.1" 200 0
INFO 2025-08-07 14:10:19,973 basehttp 35352 3472 "POST /calculate-cibil-score/ HTTP/1.1" 200 161
INFO 2025-08-07 14:10:19,991 basehttp 35352 27220 "POST /calculate-cibil-score/ HTTP/1.1" 200 161
INFO 2025-08-07 14:12:18,794 basehttp 35352 21960 "POST /calculate-cibil-score/ HTTP/1.1" 200 161
INFO 2025-08-07 14:19:53,171 autoreload 35352 18548 C:\Users\DINESH\Dropbox\PC\Desktop\studies\cibil_score_checker\score_checker\main_app\views.py changed, reloading.
INFO 2025-08-07 14:19:55,782 autoreload 39608 13600 Watching for file changes with StatReloader
INFO 2025-08-07 14:23:58,226 basehttp 39608 29748 "POST /calculate-cibil-score/ HTTP/1.1" 200 161
INFO 2025-08-07 14:23:58,250 basehttp 39608 36036 "POST /calculate-cibil-score/ HTTP/1.1" 200 161
INFO 2025-08-07 14:24:37,899 basehttp 39608 30412 "POST /calculate-cibil-score/ HTTP/1.1" 200 161
INFO 2025-08-07 14:25:18,896 basehttp 39608 23244 "POST /calculate-cibil-score/ HTTP/1.1" 200 161
INFO 2025-08-07 14:25:18,937 basehttp 39608 44692 "POST /calculate-cibil-score/ HTTP/1.1" 200 161
INFO 2025-08-07 14:31:42,982 basehttp 39608 11648 "POST /calculate-cibil-score/ HTTP/1.1" 200 161
INFO 2025-08-12 13:18:49,271 autoreload 41156 2212 Watching for file changes with StatReloader
INFO 2025-08-12 13:19:43,316 autoreload 39164 8656 Watching for file changes with StatReloader
INFO 2025-08-12 13:49:39,941 autoreload 9896 27124 Watching for file changes with StatReloader
INFO 2025-08-12 13:50:55,905 autoreload 11120 12284 Watching for file changes with StatReloader
INFO 2025-08-12 13:51:22,495 autoreload 42352 39596 Watching for file changes with StatReloader
INFO 2025-08-12 13:52:05,569 autoreload 11684 40928 Watching for file changes with StatReloader
INFO 2025-08-12 13:53:39,650 autoreload 44948 34124 Watching for file changes with StatReloader
INFO 2025-08-12 13:57:05,571 autoreload 44948 34124 C:\Users\DINESH\Dropbox\PC\Desktop\studies\cibil_score_checker\score_checker\main_app\views.py changed, reloading.
INFO 2025-08-12 13:57:08,840 autoreload 38012 22860 Watching for file changes with StatReloader
INFO 2025-08-12 13:57:16,789 autoreload 39868 42572 Watching for file changes with StatReloader
INFO 2025-08-12 13:58:40,572 autoreload 22668 42788 Watching for file changes with StatReloader
INFO 2025-08-12 13:58:50,736 autoreload 24792 19020 Watching for file changes with StatReloader
INFO 2025-08-12 13:59:18,206 autoreload 8628 45012 Watching for file changes with StatReloader
INFO 2025-08-12 13:59:47,586 autoreload 30092 33844 Watching for file changes with StatReloader
INFO 2025-08-12 14:00:30,591 autoreload 13420 44500 Watching for file changes with StatReloader
INFO 2025-08-12 14:01:27,622 autoreload 44136 24300 Watching for file changes with StatReloader
INFO 2025-08-12 14:02:18,169 autoreload 34124 9904 Watching for file changes with StatReloader
ERROR 2025-08-12 14:02:40,677 log 34124 35200 Internal Server Error: /calculate-cibil-score/
ERROR 2025-08-12 14:02:40,678 basehttp 34124 35200 "POST /calculate-cibil-score/ HTTP/1.1" 500 273
ERROR 2025-08-12 14:03:57,384 log 34124 27860 Internal Server Error: /calculate-cibil-score/
ERROR 2025-08-12 14:03:57,385 basehttp 34124 27860 "POST /calculate-cibil-score/ HTTP/1.1" 500 273
INFO 2025-08-12 14:04:16,833 autoreload 34124 9904 C:\Users\DINESH\Dropbox\PC\Desktop\studies\cibil_score_checker\score_checker\main_app\views.py changed, reloading.
INFO 2025-08-12 14:04:19,414 autoreload 37400 35632 Watching for file changes with StatReloader
INFO 2025-08-12 14:04:23,068 autoreload 37400 35632 C:\Users\DINESH\Dropbox\PC\Desktop\studies\cibil_score_checker\score_checker\main_app\views.py changed, reloading.
INFO 2025-08-12 14:04:24,542 autoreload 35788 13576 Watching for file changes with StatReloader
ERROR 2025-08-12 14:04:28,639 log 35788 20980 Internal Server Error: /calculate-cibil-score/
ERROR 2025-08-12 14:04:28,641 basehttp 35788 20980 "POST /calculate-cibil-score/ HTTP/1.1" 500 341
ERROR 2025-08-12 14:04:35,188 log 35788 20980 Internal Server Error: /calculate-cibil-score/
ERROR 2025-08-12 14:04:35,189 basehttp 35788 20980 "POST /calculate-cibil-score/ HTTP/1.1" 500 341
ERROR 2025-08-12 14:04:56,746 log 35788 20980 Internal Server Error: /calculate-cibil-score/
ERROR 2025-08-12 14:04:56,746 basehttp 35788 20980 "POST /calculate-cibil-score/ HTTP/1.1" 500 341
ERROR 2025-08-12 14:05:50,222 log 35788 15304 Internal Server Error: /calculate-cibil-score/
ERROR 2025-08-12 14:05:50,225 basehttp 35788 15304 "POST /calculate-cibil-score/ HTTP/1.1" 500 341
INFO 2025-08-12 14:15:28,326 autoreload 35788 13576 C:\Users\DINESH\Dropbox\PC\Desktop\studies\cibil_score_checker\score_checker\main_app\views.py changed, reloading.
INFO 2025-08-12 14:15:32,676 autoreload 39816 21540 Watching for file changes with StatReloader
INFO 2025-08-12 14:15:40,046 autoreload 39816 21540 C:\Users\DINESH\Dropbox\PC\Desktop\studies\cibil_score_checker\score_checker\main_app\views.py changed, reloading.
INFO 2025-08-12 14:15:42,586 autoreload 27508 42732 Watching for file changes with StatReloader
ERROR 2025-08-12 14:15:51,532 log 27508 34964 Internal Server Error: /calculate-cibil-score/
ERROR 2025-08-12 14:15:51,534 basehttp 27508 34964 "POST /calculate-cibil-score/ HTTP/1.1" 500 92
INFO 2025-08-12 14:16:16,801 basehttp 27508 34964 "POST /calculate-cibil-score/ HTTP/1.1" 200 150
INFO 2025-08-12 14:16:33,296 basehttp 27508 34964 "POST /calculate-cibil-score/ HTTP/1.1" 200 161
INFO 2025-08-12 14:17:01,017 autoreload 27508 42732 C:\Users\DINESH\Dropbox\PC\Desktop\studies\cibil_score_checker\score_checker\main_app\views.py changed, reloading.
INFO 2025-08-12 14:17:03,991 autoreload 14196 36852 Watching for file changes with StatReloader
INFO 2025-08-12 14:17:20,207 autoreload 14196 36852 C:\Users\DINESH\Dropbox\PC\Desktop\studies\cibil_score_checker\score_checker\main_app\views.py changed, reloading.
INFO 2025-08-12 14:17:22,152 autoreload 32964 35180 Watching for file changes with StatReloader
INFO 2025-08-12 14:17:28,060 basehttp 32964 40060 "POST /calculate-cibil-score/ HTTP/1.1" 200 161
INFO 2025-08-12 14:17:30,493 basehttp 32964 40060 "POST /calculate-cibil-score/ HTTP/1.1" 200 161
INFO 2025-08-12 14:23:55,486 autoreload 32964 35180 C:\Users\DINESH\Dropbox\PC\Desktop\studies\cibil_score_checker\score_checker\score_checker\settings.py changed, reloading.
INFO 2025-08-12 14:23:58,802 autoreload 21780 36460 Watching for file changes with StatReloader
INFO 2025-08-12 14:25:57,131 autoreload 21780 36460 C:\Users\DINESH\Dropbox\PC\Desktop\studies\cibil_score_checker\score_checker\main_app\views.py changed, reloading.
INFO 2025-08-12 14:25:59,188 autoreload 40504 26124 Watching for file changes with StatReloader
INFO 2025-08-12 14:26:06,225 autoreload 40504 26124 C:\Users\DINESH\Dropbox\PC\Desktop\studies\cibil_score_checker\score_checker\main_app\views.py changed, reloading.
INFO 2025-08-12 14:26:09,451 autoreload 25944 25116 Watching for file changes with StatReloader
INFO 2025-08-12 14:26:40,908 autoreload 25944 25116 C:\Users\DINESH\Dropbox\PC\Desktop\studies\cibil_score_checker\score_checker\main_app\views.py changed, reloading.
INFO 2025-08-12 14:26:42,957 autoreload 41752 32664 Watching for file changes with StatReloader
INFO 2025-08-12 14:28:13,311 autoreload 41752 32664 C:\Users\DINESH\Dropbox\PC\Desktop\studies\cibil_score_checker\score_checker\main_app\views.py changed, reloading.
INFO 2025-08-12 14:28:16,065 autoreload 17292 1704 Watching for file changes with StatReloader
INFO 2025-08-12 14:30:38,408 autoreload 17292 1704 C:\Users\DINESH\Dropbox\PC\Desktop\studies\cibil_score_checker\score_checker\main_app\views.py changed, reloading.
INFO 2025-08-12 14:30:40,823 autoreload 28040 38436 Watching for file changes with StatReloader
INFO 2025-08-12 14:58:08,763 autoreload 25616 35912 Watching for file changes with StatReloader
WARNING 2025-08-12 14:58:37,384 log 25616 22932 Forbidden: /calculate-cibil-score/
WARNING 2025-08-12 14:58:37,384 basehttp 25616 22932 "POST /calculate-cibil-score/ HTTP/1.1" 403 41
INFO 2025-08-12 14:58:57,113 autoreload 25616 35912 C:\Users\DINESH\Dropbox\PC\Desktop\studies\cibil_score_checker\score_checker\main_app\views.py changed, reloading.
INFO 2025-08-12 14:58:59,192 autoreload 34236 8036 Watching for file changes with StatReloader
ERROR 2025-08-12 14:59:04,047 log 34236 14380 Internal Server Error: /calculate-cibil-score/
ERROR 2025-08-12 14:59:04,048 basehttp 34236 14380 "POST /calculate-cibil-score/ HTTP/1.1" 500 92
ERROR 2025-08-12 15:00:27,416 log 34236 8000 Internal Server Error: /calculate-cibil-score/
ERROR 2025-08-12 15:00:27,418 basehttp 34236 8000 "POST /calculate-cibil-score/ HTTP/1.1" 500 54
ERROR 2025-08-12 15:00:45,566 log 34236 8000 Internal Server Error: /calculate-cibil-score/
ERROR 2025-08-12 15:00:45,567 basehttp 34236 8000 "POST /calculate-cibil-score/ HTTP/1.1" 500 54
ERROR 2025-08-12 15:00:53,966 log 34236 8000 Internal Server Error: /calculate-cibil-score/
ERROR 2025-08-12 15:00:53,967 basehttp 34236 8000 "POST /calculate-cibil-score/ HTTP/1.1" 500 54
INFO 2025-08-12 15:01:23,587 basehttp 34236 8000 "POST /calculate-cibil-score/ HTTP/1.1" 200 161
INFO 2025-08-12 15:17:48,643 autoreload 34236 8036 C:\Users\DINESH\Dropbox\PC\Desktop\studies\cibil_score_checker\score_checker\main_app\views.py changed, reloading.
INFO 2025-08-12 15:17:50,291 autoreload 31208 26124 Watching for file changes with StatReloader
INFO 2025-08-12 15:17:56,105 autoreload 31208 26124 C:\Users\DINESH\Dropbox\PC\Desktop\studies\cibil_score_checker\score_checker\main_app\views.py changed, reloading.
INFO 2025-08-12 15:17:57,710 autoreload 36800 38704 Watching for file changes with StatReloader
INFO 2025-08-12 15:22:46,416 autoreload 36800 38704 C:\Users\DINESH\Dropbox\PC\Desktop\studies\cibil_score_checker\score_checker\main_app\views.py changed, reloading.
INFO 2025-08-12 15:22:49,215 autoreload 18864 19884 Watching for file changes with StatReloader
WARNING 2025-08-12 15:34:20,727 log 18864 35952 Forbidden: /calculate-cibil-score/
WARNING 2025-08-12 15:34:20,728 basehttp 18864 35952 "POST /calculate-cibil-score/ HTTP/1.1" 403 41
INFO 2025-08-12 15:39:36,666 autoreload 18864 19884 C:\Users\DINESH\Dropbox\PC\Desktop\studies\cibil_score_checker\score_checker\main_app\views.py changed, reloading.
INFO 2025-08-12 15:39:38,741 autoreload 28316 22512 Watching for file changes with StatReloader
WARNING 2025-08-12 15:43:50,972 log 28316 27672 Forbidden: /calculate-cibil-score/
WARNING 2025-08-12 15:43:50,972 log 28316 41924 Forbidden: /calculate-cibil-score/
WARNING 2025-08-12 15:43:50,973 basehttp 28316 27672 "POST /calculate-cibil-score/ HTTP/1.1" 403 41
WARNING 2025-08-12 15:43:50,974 basehttp 28316 41924 "POST /calculate-cibil-score/ HTTP/1.1" 403 41
INFO 2025-08-12 15:46:21,901 autoreload 28316 22512 C:\Users\DINESH\Dropbox\PC\Desktop\studies\cibil_score_checker\score_checker\main_app\views.py changed, reloading.
INFO 2025-08-12 15:46:24,623 autoreload 40908 19000 Watching for file changes with StatReloader
INFO 2025-08-12 15:46:28,137 autoreload 40908 19000 C:\Users\DINESH\Dropbox\PC\Desktop\studies\cibil_score_checker\score_checker\main_app\views.py changed, reloading.
INFO 2025-08-12 15:46:29,563 autoreload 44232 8476 Watching for file changes with StatReloader
WARNING 2025-08-12 15:46:39,206 log 44232 44244 Forbidden: /calculate-cibil-score/
WARNING 2025-08-12 15:46:39,257 log 44232 42588 Forbidden: /calculate-cibil-score/
WARNING 2025-08-12 15:46:39,263 basehttp 44232 44244 "POST /calculate-cibil-score/ HTTP/1.1" 403 41
WARNING 2025-08-12 15:46:39,297 basehttp 44232 42588 "POST /calculate-cibil-score/ HTTP/1.1" 403 41
INFO 2025-08-12 15:47:46,265 autoreload 44232 8476 C:\Users\DINESH\Dropbox\PC\Desktop\studies\cibil_score_checker\score_checker\main_app\views.py changed, reloading.
INFO 2025-08-12 15:47:47,860 autoreload 32316 42460 Watching for file changes with StatReloader
INFO 2025-08-12 15:47:53,602 autoreload 32316 42460 C:\Users\DINESH\Dropbox\PC\Desktop\studies\cibil_score_checker\score_checker\main_app\views.py changed, reloading.
INFO 2025-08-12 15:47:55,858 autoreload 14724 37792 Watching for file changes with StatReloader
INFO 2025-08-12 15:48:03,445 autoreload 14724 37792 C:\Users\DINESH\Dropbox\PC\Desktop\studies\cibil_score_checker\score_checker\main_app\views.py changed, reloading.
INFO 2025-08-12 15:48:05,045 autoreload 33144 42780 Watching for file changes with StatReloader
INFO 2025-08-12 15:48:22,916 autoreload 33144 42780 C:\Users\DINESH\Dropbox\PC\Desktop\studies\cibil_score_checker\score_checker\main_app\views.py changed, reloading.
INFO 2025-08-12 15:48:25,351 autoreload 8504 25960 Watching for file changes with StatReloader
INFO 2025-08-12 15:48:31,884 autoreload 8504 25960 C:\Users\DINESH\Dropbox\PC\Desktop\studies\cibil_score_checker\score_checker\main_app\views.py changed, reloading.
INFO 2025-08-12 15:48:34,249 autoreload 30852 40664 Watching for file changes with StatReloader
INFO 2025-08-12 15:48:48,287 autoreload 30852 40664 C:\Users\DINESH\Dropbox\PC\Desktop\studies\cibil_score_checker\score_checker\main_app\views.py changed, reloading.
INFO 2025-08-12 15:48:50,192 autoreload 17412 34272 Watching for file changes with StatReloader
INFO 2025-08-12 15:48:53,226 autoreload 17412 34272 C:\Users\DINESH\Dropbox\PC\Desktop\studies\cibil_score_checker\score_checker\main_app\views.py changed, reloading.
INFO 2025-08-12 15:48:55,323 autoreload 9432 22460 Watching for file changes with StatReloader
INFO 2025-08-12 15:49:07,124 autoreload 9432 22460 C:\Users\DINESH\Dropbox\PC\Desktop\studies\cibil_score_checker\score_checker\main_app\views.py changed, reloading.
INFO 2025-08-12 15:49:10,402 autoreload 24516 34208 Watching for file changes with StatReloader
INFO 2025-08-12 15:49:43,152 autoreload 24516 34208 C:\Users\DINESH\Dropbox\PC\Desktop\studies\cibil_score_checker\score_checker\score_checker\settings.py changed, reloading.
INFO 2025-08-12 15:49:45,489 autoreload 42380 14092 Watching for file changes with StatReloader
INFO 2025-08-12 15:50:06,391 autoreload 42380 14092 C:\Users\DINESH\Dropbox\PC\Desktop\studies\cibil_score_checker\score_checker\main_app\views.py changed, reloading.
INFO 2025-08-12 15:50:08,201 autoreload 30280 21620 Watching for file changes with StatReloader
INFO 2025-08-12 15:50:14,065 autoreload 30280 21620 C:\Users\DINESH\Dropbox\PC\Desktop\studies\cibil_score_checker\score_checker\main_app\views.py changed, reloading.
INFO 2025-08-12 15:50:16,980 autoreload 29304 13572 Watching for file changes with StatReloader
WARNING 2025-08-12 15:50:25,137 log 29304 31852 Forbidden: /calculate-cibil-score/
WARNING 2025-08-12 15:50:25,139 log 29304 29796 Forbidden: /calculate-cibil-score/
WARNING 2025-08-12 15:50:25,139 basehttp 29304 31852 "POST /calculate-cibil-score/ HTTP/1.1" 403 41
WARNING 2025-08-12 15:50:25,140 basehttp 29304 29796 "POST /calculate-cibil-score/ HTTP/1.1" 403 41
WARNING 2025-08-12 15:50:39,969 log 29304 26604 Forbidden: /calculate-cibil-score/
WARNING 2025-08-12 15:50:39,972 log 29304 41616 Forbidden: /calculate-cibil-score/
WARNING 2025-08-12 15:50:39,973 basehttp 29304 26604 "POST /calculate-cibil-score/ HTTP/1.1" 403 41
WARNING 2025-08-12 15:50:39,973 basehttp 29304 41616 "POST /calculate-cibil-score/ HTTP/1.1" 403 41
INFO 2025-08-12 15:50:47,000 autoreload 29304 13572 C:\Users\DINESH\Dropbox\PC\Desktop\studies\cibil_score_checker\score_checker\main_app\views.py changed, reloading.
INFO 2025-08-12 15:50:50,026 autoreload 22124 16000 Watching for file changes with StatReloader
INFO 2025-08-12 15:51:36,980 autoreload 22124 16000 C:\Users\DINESH\Dropbox\PC\Desktop\studies\cibil_score_checker\score_checker\main_app\views.py changed, reloading.
INFO 2025-08-12 15:51:38,488 autoreload 8036 16528 Watching for file changes with StatReloader
INFO 2025-08-12 15:51:42,185 autoreload 8036 16528 C:\Users\DINESH\Dropbox\PC\Desktop\studies\cibil_score_checker\score_checker\main_app\views.py changed, reloading.
INFO 2025-08-12 15:51:44,500 autoreload 24528 12448 Watching for file changes with StatReloader
INFO 2025-08-12 15:52:23,201 autoreload 24528 12448 C:\Users\DINESH\Dropbox\PC\Desktop\studies\cibil_score_checker\score_checker\main_app\views.py changed, reloading.
INFO 2025-08-12 15:52:26,232 autoreload 39128 11748 Watching for file changes with StatReloader
INFO 2025-08-12 15:52:35,527 autoreload 39128 11748 C:\Users\DINESH\Dropbox\PC\Desktop\studies\cibil_score_checker\score_checker\main_app\views.py changed, reloading.
INFO 2025-08-12 15:52:38,252 autoreload 11236 23120 Watching for file changes with StatReloader
INFO 2025-08-12 15:52:56,845 autoreload 11236 23120 C:\Users\DINESH\Dropbox\PC\Desktop\studies\cibil_score_checker\score_checker\main_app\views.py changed, reloading.
INFO 2025-08-12 15:52:59,664 autoreload 18516 13272 Watching for file changes with StatReloader
INFO 2025-08-12 15:53:14,448 autoreload 18516 13272 C:\Users\DINESH\Dropbox\PC\Desktop\studies\cibil_score_checker\score_checker\main_app\views.py changed, reloading.
INFO 2025-08-12 15:53:16,996 autoreload 8552 19140 Watching for file changes with StatReloader
INFO 2025-08-12 15:53:23,779 autoreload 8552 19140 C:\Users\DINESH\Dropbox\PC\Desktop\studies\cibil_score_checker\score_checker\main_app\views.py changed, reloading.
INFO 2025-08-12 15:53:26,288 autoreload 43112 26124 Watching for file changes with StatReloader
INFO 2025-08-12 15:54:09,154 autoreload 34576 29736 Watching for file changes with StatReloader
INFO 2025-08-12 15:54:37,977 basehttp 34576 29700 "POST /calculate-cibil-score/ HTTP/1.1" 200 161
INFO 2025-08-12 15:54:38,021 basehttp 34576 25164 "POST /calculate-cibil-score/ HTTP/1.1" 200 161
INFO 2025-08-12 15:56:50,544 basehttp 34576 19188 "POST /calculate-cibil-score/ HTTP/1.1" 200 161
INFO 2025-08-12 15:56:50,585 basehttp 34576 28604 "POST /calculate-cibil-score/ HTTP/1.1" 200 161
INFO 2025-08-12 15:57:55,761 autoreload 34576 29736 C:\Users\DINESH\Dropbox\PC\Desktop\studies\cibil_score_checker\score_checker\main_app\views.py changed, reloading.
INFO 2025-08-12 15:58:00,127 autoreload 2544 28504 Watching for file changes with StatReloader
INFO 2025-08-12 15:58:15,946 autoreload 2544 28504 C:\Users\DINESH\Dropbox\PC\Desktop\studies\cibil_score_checker\score_checker\main_app\views.py changed, reloading.
INFO 2025-08-13 09:41:34,179 autoreload 42524 18912 Watching for file changes with StatReloader
WARNING 2025-08-13 09:43:41,821 log 42524 11052 Forbidden: /calculate-cibil-score/
WARNING 2025-08-13 09:43:41,822 log 42524 31776 Forbidden: /calculate-cibil-score/
WARNING 2025-08-13 09:43:41,823 basehttp 42524 11052 "POST /calculate-cibil-score/ HTTP/1.1" 403 41
WARNING 2025-08-13 09:43:41,823 basehttp 42524 31776 "POST /calculate-cibil-score/ HTTP/1.1" 403 41
WARNING 2025-08-13 09:44:14,160 log 42524 44788 Forbidden: /calculate-cibil-score/
WARNING 2025-08-13 09:44:14,163 log 42524 15432 Forbidden: /calculate-cibil-score/
WARNING 2025-08-13 09:44:14,167 basehttp 42524 44788 "POST /calculate-cibil-score/ HTTP/1.1" 403 41
WARNING 2025-08-13 09:44:14,171 basehttp 42524 15432 "POST /calculate-cibil-score/ HTTP/1.1" 403 41
INFO 2025-08-13 09:46:08,987 autoreload 42524 18912 C:\Users\DINESH\Dropbox\PC\Desktop\studies\cibil_score_checker\score_checker\main_app\views.py changed, reloading.
INFO 2025-08-13 09:46:11,358 autoreload 14052 5724 Watching for file changes with StatReloader
ERROR 2025-08-13 10:42:02,547 log 14052 4104 Internal Server Error: /calculate-cibil-score/
Traceback (most recent call last):
  File "C:\Users\DINESH\Dropbox\PC\Desktop\studies\cibil_score_checker\score_checker\env\Lib\site-packages\django\core\handlers\exception.py", line 56, in inner
    response = get_response(request)
               ^^^^^^^^^^^^^^^^^^^^^
  File "C:\Users\DINESH\Dropbox\PC\Desktop\studies\cibil_score_checker\score_checker\env\Lib\site-packages\django\core\handlers\base.py", line 197, in _get_response
    response = wrapped_callback(request, *callback_args, **callback_kwargs)
               ^^^^^^^^^^^^^^^^^^^^^^^^^^^^^^^^^^^^^^^^^^^^^^^^^^^^^^^^^^^^
  File "C:\Users\DINESH\Dropbox\PC\Desktop\studies\cibil_score_checker\score_checker\env\Lib\site-packages\django\views\decorators\csrf.py", line 55, in wrapped_view
    return view_func(*args, **kwargs)
           ^^^^^^^^^^^^^^^^^^^^^^^^^^
  File "C:\Users\DINESH\Dropbox\PC\Desktop\studies\cibil_score_checker\score_checker\main_app\views.py", line 18, in calculate_cibil_score
    print(bank_secret)
    ^
NameError: name 'p' is not defined
ERROR 2025-08-13 10:42:02,549 log 14052 7792 Internal Server Error: /calculate-cibil-score/
Traceback (most recent call last):
  File "C:\Users\DINESH\Dropbox\PC\Desktop\studies\cibil_score_checker\score_checker\env\Lib\site-packages\django\core\handlers\exception.py", line 56, in inner
    response = get_response(request)
               ^^^^^^^^^^^^^^^^^^^^^
  File "C:\Users\DINESH\Dropbox\PC\Desktop\studies\cibil_score_checker\score_checker\env\Lib\site-packages\django\core\handlers\base.py", line 197, in _get_response
    response = wrapped_callback(request, *callback_args, **callback_kwargs)
               ^^^^^^^^^^^^^^^^^^^^^^^^^^^^^^^^^^^^^^^^^^^^^^^^^^^^^^^^^^^^
  File "C:\Users\DINESH\Dropbox\PC\Desktop\studies\cibil_score_checker\score_checker\env\Lib\site-packages\django\views\decorators\csrf.py", line 55, in wrapped_view
    return view_func(*args, **kwargs)
           ^^^^^^^^^^^^^^^^^^^^^^^^^^
  File "C:\Users\DINESH\Dropbox\PC\Desktop\studies\cibil_score_checker\score_checker\main_app\views.py", line 18, in calculate_cibil_score
    print(bank_secret)
    ^
NameError: name 'p' is not defined
ERROR 2025-08-13 10:42:02,561 basehttp 14052 4104 "POST /calculate-cibil-score/ HTTP/1.1" 500 79192
ERROR 2025-08-13 10:42:02,562 basehttp 14052 7792 "POST /calculate-cibil-score/ HTTP/1.1" 500 79192
ERROR 2025-08-13 10:44:58,018 log 14052 25208 Internal Server Error: /calculate-cibil-score/
Traceback (most recent call last):
  File "C:\Users\DINESH\Dropbox\PC\Desktop\studies\cibil_score_checker\score_checker\env\Lib\site-packages\django\core\handlers\exception.py", line 56, in inner
    response = get_response(request)
               ^^^^^^^^^^^^^^^^^^^^^
  File "C:\Users\DINESH\Dropbox\PC\Desktop\studies\cibil_score_checker\score_checker\env\Lib\site-packages\django\core\handlers\base.py", line 197, in _get_response
    response = wrapped_callback(request, *callback_args, **callback_kwargs)
               ^^^^^^^^^^^^^^^^^^^^^^^^^^^^^^^^^^^^^^^^^^^^^^^^^^^^^^^^^^^^
  File "C:\Users\DINESH\Dropbox\PC\Desktop\studies\cibil_score_checker\score_checker\env\Lib\site-packages\django\views\decorators\csrf.py", line 55, in wrapped_view
    return view_func(*args, **kwargs)
           ^^^^^^^^^^^^^^^^^^^^^^^^^^
  File "C:\Users\DINESH\Dropbox\PC\Desktop\studies\cibil_score_checker\score_checker\main_app\views.py", line 18, in calculate_cibil_score
    print(bank_secret)
    ^
NameError: name 'p' is not defined
ERROR 2025-08-13 10:44:58,031 log 14052 19640 Internal Server Error: /calculate-cibil-score/
Traceback (most recent call last):
  File "C:\Users\DINESH\Dropbox\PC\Desktop\studies\cibil_score_checker\score_checker\env\Lib\site-packages\django\core\handlers\exception.py", line 56, in inner
    response = get_response(request)
               ^^^^^^^^^^^^^^^^^^^^^
  File "C:\Users\DINESH\Dropbox\PC\Desktop\studies\cibil_score_checker\score_checker\env\Lib\site-packages\django\core\handlers\base.py", line 197, in _get_response
    response = wrapped_callback(request, *callback_args, **callback_kwargs)
               ^^^^^^^^^^^^^^^^^^^^^^^^^^^^^^^^^^^^^^^^^^^^^^^^^^^^^^^^^^^^
  File "C:\Users\DINESH\Dropbox\PC\Desktop\studies\cibil_score_checker\score_checker\env\Lib\site-packages\django\views\decorators\csrf.py", line 55, in wrapped_view
    return view_func(*args, **kwargs)
           ^^^^^^^^^^^^^^^^^^^^^^^^^^
  File "C:\Users\DINESH\Dropbox\PC\Desktop\studies\cibil_score_checker\score_checker\main_app\views.py", line 18, in calculate_cibil_score
    print(bank_secret)
    ^
NameError: name 'p' is not defined
ERROR 2025-08-13 10:44:58,033 basehttp 14052 25208 "POST /calculate-cibil-score/ HTTP/1.1" 500 79192
ERROR 2025-08-13 10:44:58,034 basehttp 14052 19640 "POST /calculate-cibil-score/ HTTP/1.1" 500 79192
ERROR 2025-08-13 10:47:56,082 log 14052 34256 Internal Server Error: /calculate-cibil-score/
Traceback (most recent call last):
  File "C:\Users\DINESH\Dropbox\PC\Desktop\studies\cibil_score_checker\score_checker\env\Lib\site-packages\django\core\handlers\exception.py", line 56, in inner
    response = get_response(request)
               ^^^^^^^^^^^^^^^^^^^^^
  File "C:\Users\DINESH\Dropbox\PC\Desktop\studies\cibil_score_checker\score_checker\env\Lib\site-packages\django\core\handlers\base.py", line 197, in _get_response
    response = wrapped_callback(request, *callback_args, **callback_kwargs)
               ^^^^^^^^^^^^^^^^^^^^^^^^^^^^^^^^^^^^^^^^^^^^^^^^^^^^^^^^^^^^
  File "C:\Users\DINESH\Dropbox\PC\Desktop\studies\cibil_score_checker\score_checker\env\Lib\site-packages\django\views\decorators\csrf.py", line 55, in wrapped_view
    return view_func(*args, **kwargs)
           ^^^^^^^^^^^^^^^^^^^^^^^^^^
  File "C:\Users\DINESH\Dropbox\PC\Desktop\studies\cibil_score_checker\score_checker\main_app\views.py", line 18, in calculate_cibil_score
    print(bank_secret)
    ^
NameError: name 'p' is not defined
ERROR 2025-08-13 10:47:56,084 basehttp 14052 34256 "POST /calculate-cibil-score/ HTTP/1.1" 500 79192
INFO 2025-08-13 10:47:56,742 autoreload 14052 5724 C:\Users\DINESH\Dropbox\PC\Desktop\studies\cibil_score_checker\score_checker\main_app\views.py changed, reloading.
INFO 2025-08-13 10:48:01,665 autoreload 41076 20976 Watching for file changes with StatReloader
WARNING 2025-08-13 10:48:30,264 log 41076 36380 Forbidden: /calculate-cibil-score/
WARNING 2025-08-13 10:48:30,265 basehttp 41076 36380 "POST /calculate-cibil-score/ HTTP/1.1" 403 41
WARNING 2025-08-13 10:48:30,312 log 41076 42664 Forbidden: /calculate-cibil-score/
WARNING 2025-08-13 10:48:30,313 basehttp 41076 42664 "POST /calculate-cibil-score/ HTTP/1.1" 403 41
WARNING 2025-08-13 10:49:49,325 log 41076 41260 Forbidden: /calculate-cibil-score/
WARNING 2025-08-13 10:49:49,326 log 41076 29356 Forbidden: /calculate-cibil-score/
WARNING 2025-08-13 10:49:49,327 basehttp 41076 41260 "POST /calculate-cibil-score/ HTTP/1.1" 403 41
WARNING 2025-08-13 10:49:49,327 basehttp 41076 29356 "POST /calculate-cibil-score/ HTTP/1.1" 403 41
INFO 2025-08-13 10:51:34,799 basehttp 41076 28400 "POST /calculate-cibil-score/ HTTP/1.1" 200 161
INFO 2025-08-13 10:51:34,799 basehttp 41076 41632 "POST /calculate-cibil-score/ HTTP/1.1" 200 161
INFO 2025-08-13 11:27:38,295 autoreload 41076 20976 C:\Users\DINESH\Dropbox\PC\Desktop\studies\cibil_score_checker\score_checker\main_app\views.py changed, reloading.
INFO 2025-08-13 11:27:41,524 autoreload 24548 43452 Watching for file changes with StatReloader
INFO 2025-08-13 11:27:49,273 autoreload 24548 43452 C:\Users\DINESH\Dropbox\PC\Desktop\studies\cibil_score_checker\score_checker\main_app\views.py changed, reloading.
INFO 2025-08-13 11:27:51,666 autoreload 31540 22016 Watching for file changes with StatReloader
INFO 2025-08-13 11:28:30,961 autoreload 31540 22016 C:\Users\DINESH\Dropbox\PC\Desktop\studies\cibil_score_checker\score_checker\main_app\views.py changed, reloading.
INFO 2025-08-13 11:28:33,205 autoreload 29484 39256 Watching for file changes with StatReloader
INFO 2025-08-13 11:48:49,035 autoreload 29484 39256 C:\Users\DINESH\Dropbox\PC\Desktop\studies\cibil_score_checker\score_checker\main_app\models.py changed, reloading.
INFO 2025-08-13 11:48:53,302 autoreload 5912 43760 Watching for file changes with StatReloader
INFO 2025-08-13 11:50:01,207 autoreload 5912 43760 C:\Users\DINESH\Dropbox\PC\Desktop\studies\cibil_score_checker\score_checker\main_app\views.py changed, reloading.
INFO 2025-08-13 11:50:03,242 autoreload 18164 44320 Watching for file changes with StatReloader
INFO 2025-08-13 11:50:14,560 autoreload 18164 44320 C:\Users\DINESH\Dropbox\PC\Desktop\studies\cibil_score_checker\score_checker\main_app\urls.py changed, reloading.
INFO 2025-08-13 11:50:16,832 autoreload 20040 36544 Watching for file changes with StatReloader
INFO 2025-08-13 11:50:26,839 autoreload 20040 36544 C:\Users\DINESH\Dropbox\PC\Desktop\studies\cibil_score_checker\score_checker\main_app\admin.py changed, reloading.
INFO 2025-08-13 11:50:28,284 autoreload 34844 21004 Watching for file changes with StatReloader
INFO 2025-08-13 11:58:37,095 autoreload 3452 30936 Watching for file changes with StatReloader
WARNING 2025-08-13 11:58:42,528 log 3452 19448 Not Found: /api/check-cibil

WARNING 2025-08-13 11:58:42,529 basehttp 3452 19448 "POST /api/check-cibil%0A HTTP/1.1" 404 2334
WARNING 2025-08-13 11:59:00,899 log 3452 19448 Not Found: /api/calculate-cibil-score/

WARNING 2025-08-13 11:59:00,900 basehttp 3452 19448 "POST /api/calculate-cibil-score/%0A HTTP/1.1" 404 2367
WARNING 2025-08-13 11:59:22,899 log 3452 19448 Not Found: /calculate-cibil-score/

WARNING 2025-08-13 11:59:22,900 basehttp 3452 19448 "POST /calculate-cibil-score/%0A HTTP/1.1" 404 2355
WARNING 2025-08-13 11:59:50,371 log 3452 19448 Not Found: /calculate-cibil-score/

WARNING 2025-08-13 11:59:50,372 basehttp 3452 19448 "POST /calculate-cibil-score/%0A HTTP/1.1" 404 2355
WARNING 2025-08-13 11:59:52,674 log 3452 19448 Not Found: /calculate-cibil-score

WARNING 2025-08-13 11:59:52,675 basehttp 3452 19448 "POST /calculate-cibil-score%0A HTTP/1.1" 404 2352
WARNING 2025-08-13 12:02:22,741 log 3452 14484 Not Found: /
WARNING 2025-08-13 12:02:22,743 basehttp 3452 14484 "GET / HTTP/1.1" 404 2265
WARNING 2025-08-13 12:02:23,105 log 3452 14484 Not Found: /favicon.ico
WARNING 2025-08-13 12:02:23,107 basehttp 3452 14484 "GET /favicon.ico HTTP/1.1" 404 2316
WARNING 2025-08-13 12:02:35,176 log 3452 14484 Method Not Allowed: /calculate-cibil-score/
WARNING 2025-08-13 12:02:35,176 basehttp 3452 14484 "GET /calculate-cibil-score/ HTTP/1.1" 405 37
WARNING 2025-08-13 12:02:47,747 log 3452 32908 Forbidden: /calculate-cibil-score/
WARNING 2025-08-13 12:02:47,748 basehttp 3452 32908 "POST /calculate-cibil-score/ HTTP/1.1" 403 56
WARNING 2025-08-13 12:05:41,283 log 3452 27820 Forbidden: /calculate-cibil-score/
WARNING 2025-08-13 12:05:41,283 basehttp 3452 27820 "POST /calculate-cibil-score/ HTTP/1.1" 403 56
WARNING 2025-08-13 12:06:04,107 log 3452 27820 Bad Request: /calculate-cibil-score/
WARNING 2025-08-13 12:06:04,108 basehttp 3452 27820 "POST /calculate-cibil-score/ HTTP/1.1" 400 37
WARNING 2025-08-13 12:06:17,696 log 3452 27820 Bad Request: /calculate-cibil-score/
WARNING 2025-08-13 12:06:17,697 basehttp 3452 27820 "POST /calculate-cibil-score/ HTTP/1.1" 400 37
WARNING 2025-08-13 12:07:08,829 log 3452 27820 Unauthorized: /calculate-cibil-score/
WARNING 2025-08-13 12:07:08,830 basehttp 3452 27820 "POST /calculate-cibil-score/ HTTP/1.1" 401 58
ERROR 2025-08-13 12:07:33,234 log 3452 27820 Bad Gateway: /calculate-cibil-score/
ERROR 2025-08-13 12:07:33,235 basehttp 3452 27820 "POST /calculate-cibil-score/ HTTP/1.1" 502 132
WARNING 2025-08-13 12:54:23,002 log 3452 37144 Method Not Allowed: /calculate-cibil-score/
WARNING 2025-08-13 12:54:23,008 basehttp 3452 37144 "GET /calculate-cibil-score/ HTTP/1.1" 405 37
WARNING 2025-08-13 12:54:24,198 log 3452 37144 Not Found: /favicon.ico
WARNING 2025-08-13 12:54:24,201 basehttp 3452 37144 "GET /favicon.ico HTTP/1.1" 404 2316
INFO 2025-08-13 14:15:20,272 autoreload 3452 30936 C:\Users\DINESH\Dropbox\PC\Desktop\studies\cibil_score_checker\score_checker\main_app\views.py changed, reloading.
INFO 2025-08-13 14:15:25,844 autoreload 42340 7196 Watching for file changes with StatReloader
ERROR 2025-08-13 15:28:42,315 log 42340 31036 Bad Gateway: /calculate-cibil-score/
INFO 2025-08-13 15:28:42,318 basehttp 42340 31036 - Broken pipe from ('127.0.0.1', 53642)

INFO 2025-08-13 16:45:22,158 autoreload 42340 7196 C:\Users\DINESH\Dropbox\PC\Desktop\studies\cibil_score_checker\score_checker\main_app\views.py changed, reloading.
INFO 2025-08-13 16:45:24,534 autoreload 21872 12416 Watching for file changes with StatReloader
INFO 2025-08-13 16:50:08,520 autoreload 21872 12416 C:\Users\DINESH\Dropbox\PC\Desktop\studies\cibil_score_checker\score_checker\main_app\views.py changed, reloading.
INFO 2025-08-13 16:50:10,877 autoreload 4580 24208 Watching for file changes with StatReloader
INFO 2025-08-13 16:50:40,478 autoreload 4580 24208 C:\Users\DINESH\Dropbox\PC\Desktop\studies\cibil_score_checker\score_checker\main_app\views.py changed, reloading.
INFO 2025-08-13 16:50:43,424 autoreload 34636 38120 Watching for file changes with StatReloader
INFO 2025-08-13 16:51:01,502 autoreload 34636 38120 C:\Users\DINESH\Dropbox\PC\Desktop\studies\cibil_score_checker\score_checker\main_app\views.py changed, reloading.
INFO 2025-08-13 16:51:03,421 autoreload 7844 29232 Watching for file changes with StatReloader
INFO 2025-08-13 16:51:26,908 autoreload 7844 29232 C:\Users\DINESH\Dropbox\PC\Desktop\studies\cibil_score_checker\score_checker\main_app\views.py changed, reloading.
INFO 2025-08-13 16:51:28,726 autoreload 36376 2976 Watching for file changes with StatReloader
INFO 2025-08-13 16:52:26,288 autoreload 31756 1872 Watching for file changes with StatReloader
INFO 2025-08-13 16:52:55,224 autoreload 31756 1872 C:\Users\DINESH\Dropbox\PC\Desktop\studies\cibil_score_checker\score_checker\main_app\urls.py changed, reloading.
INFO 2025-08-13 16:52:56,768 autoreload 22996 42784 Watching for file changes with StatReloader
WARNING 2025-08-13 16:53:46,642 log 22996 42296 Not Found: /auth-token/
WARNING 2025-08-13 16:53:46,644 basehttp 22996 42296 "POST /auth-token/ HTTP/1.1" 404 2494
INFO 2025-08-13 16:54:02,790 basehttp 22996 42296 "POST /auth_token/ HTTP/1.1" 200 267
INFO 2025-08-13 16:57:23,144 autoreload 22996 42784 C:\Users\DINESH\Dropbox\PC\Desktop\studies\cibil_score_checker\score_checker\main_app\views.py changed, reloading.
INFO 2025-08-13 16:57:25,990 autoreload 8624 39548 Watching for file changes with StatReloader
INFO 2025-08-13 16:57:28,794 basehttp 8624 1944 "POST /auth_token/ HTTP/1.1" 200 303
INFO 2025-08-13 16:57:41,358 autoreload 8624 39548 C:\Users\DINESH\Dropbox\PC\Desktop\studies\cibil_score_checker\score_checker\main_app\views.py changed, reloading.
INFO 2025-08-13 16:57:43,506 autoreload 8452 15852 Watching for file changes with StatReloader
ERROR 2025-08-13 16:59:23,531 log 8452 34992 Bad Gateway: /calculate-cibil-score/
ERROR 2025-08-13 16:59:23,532 basehttp 8452 34992 "POST /calculate-cibil-score/ HTTP/1.1" 502 311
INFO 2025-08-13 17:00:58,167 autoreload 8452 15852 C:\Users\DINESH\Dropbox\PC\Desktop\studies\cibil_score_checker\score_checker\main_app\views.py changed, reloading.
INFO 2025-08-13 17:01:00,760 autoreload 22508 27536 Watching for file changes with StatReloader
INFO 2025-08-13 17:01:06,906 autoreload 22508 27536 C:\Users\DINESH\Dropbox\PC\Desktop\studies\cibil_score_checker\score_checker\main_app\views.py changed, reloading.
INFO 2025-08-13 17:01:08,428 autoreload 21424 27944 Watching for file changes with StatReloader
INFO 2025-08-13 17:01:16,995 autoreload 21424 27944 C:\Users\DINESH\Dropbox\PC\Desktop\studies\cibil_score_checker\score_checker\main_app\views.py changed, reloading.
INFO 2025-08-13 17:01:19,875 autoreload 41424 9912 Watching for file changes with StatReloader
INFO 2025-08-13 17:01:39,380 autoreload 41424 9912 C:\Users\DINESH\Dropbox\PC\Desktop\studies\cibil_score_checker\score_checker\main_app\views.py changed, reloading.
INFO 2025-08-13 17:01:40,837 autoreload 7776 32428 Watching for file changes with StatReloader
INFO 2025-08-13 17:02:42,574 autoreload 44184 36456 Watching for file changes with StatReloader
INFO 2025-08-13 17:03:34,312 basehttp 44184 30524 "POST /auth_token/ HTTP/1.1" 200 303
ERROR 2025-08-13 17:04:18,867 log 44184 30524 Internal Server Error: /calculate-cibil-score/
Traceback (most recent call last):
  File "C:\Users\DINESH\Dropbox\PC\Desktop\studies\cibil_score_checker\score_checker\env\Lib\site-packages\django\core\handlers\exception.py", line 56, in inner
    response = get_response(request)
               ^^^^^^^^^^^^^^^^^^^^^
  File "C:\Users\DINESH\Dropbox\PC\Desktop\studies\cibil_score_checker\score_checker\env\Lib\site-packages\django\core\handlers\base.py", line 197, in _get_response
    response = wrapped_callback(request, *callback_args, **callback_kwargs)
               ^^^^^^^^^^^^^^^^^^^^^^^^^^^^^^^^^^^^^^^^^^^^^^^^^^^^^^^^^^^^
  File "C:\Users\DINESH\Dropbox\PC\Desktop\studies\cibil_score_checker\score_checker\env\Lib\site-packages\django\views\decorators\csrf.py", line 55, in wrapped_view
    return view_func(*args, **kwargs)
           ^^^^^^^^^^^^^^^^^^^^^^^^^^
  File "C:\Users\DINESH\Dropbox\PC\Desktop\studies\cibil_score_checker\score_checker\main_app\views.py", line 95, in calculate_cibil_score
    customer = next((c for c in customers if c.get('panNumber', '').upper() == pan_number.upper()), None)
               ^^^^^^^^^^^^^^^^^^^^^^^^^^^^^^^^^^^^^^^^^^^^^^^^^^^^^^^^^^^^^^^^^^^^^^^^^^^^^^^^^^^^^^^^^^
  File "C:\Users\DINESH\Dropbox\PC\Desktop\studies\cibil_score_checker\score_checker\main_app\views.py", line 95, in <genexpr>
    customer = next((c for c in customers if c.get('panNumber', '').upper() == pan_number.upper()), None)
                                             ^^^^^
AttributeError: 'str' object has no attribute 'get'
ERROR 2025-08-13 17:04:18,879 basehttp 44184 30524 "POST /calculate-cibil-score/ HTTP/1.1" 500 87487
INFO 2025-08-13 17:04:59,120 autoreload 44184 36456 C:\Users\DINESH\Dropbox\PC\Desktop\studies\cibil_score_checker\score_checker\main_app\views.py changed, reloading.
INFO 2025-08-13 17:05:02,721 autoreload 6544 20940 Watching for file changes with StatReloader
INFO 2025-08-13 17:05:06,949 autoreload 6544 20940 C:\Users\DINESH\Dropbox\PC\Desktop\studies\cibil_score_checker\score_checker\main_app\views.py changed, reloading.
INFO 2025-08-13 17:05:09,139 autoreload 30992 22436 Watching for file changes with StatReloader
ERROR 2025-08-13 17:05:11,192 log 30992 37744 Internal Server Error: /calculate-cibil-score/
Traceback (most recent call last):
  File "C:\Users\DINESH\Dropbox\PC\Desktop\studies\cibil_score_checker\score_checker\env\Lib\site-packages\django\core\handlers\exception.py", line 56, in inner
    response = get_response(request)
               ^^^^^^^^^^^^^^^^^^^^^
  File "C:\Users\DINESH\Dropbox\PC\Desktop\studies\cibil_score_checker\score_checker\env\Lib\site-packages\django\core\handlers\base.py", line 197, in _get_response
    response = wrapped_callback(request, *callback_args, **callback_kwargs)
               ^^^^^^^^^^^^^^^^^^^^^^^^^^^^^^^^^^^^^^^^^^^^^^^^^^^^^^^^^^^^
  File "C:\Users\DINESH\Dropbox\PC\Desktop\studies\cibil_score_checker\score_checker\env\Lib\site-packages\django\views\decorators\csrf.py", line 55, in wrapped_view
    return view_func(*args, **kwargs)
           ^^^^^^^^^^^^^^^^^^^^^^^^^^
  File "C:\Users\DINESH\Dropbox\PC\Desktop\studies\cibil_score_checker\score_checker\main_app\views.py", line 96, in calculate_cibil_score
    customer = next((c for c in customers if c.get('panNumber', '').upper() == pan_number.upper()), None)
               ^^^^^^^^^^^^^^^^^^^^^^^^^^^^^^^^^^^^^^^^^^^^^^^^^^^^^^^^^^^^^^^^^^^^^^^^^^^^^^^^^^^^^^^^^^
  File "C:\Users\DINESH\Dropbox\PC\Desktop\studies\cibil_score_checker\score_checker\main_app\views.py", line 96, in <genexpr>
    customer = next((c for c in customers if c.get('panNumber', '').upper() == pan_number.upper()), None)
                                             ^^^^^
AttributeError: 'str' object has no attribute 'get'
ERROR 2025-08-13 17:05:11,198 basehttp 30992 37744 "POST /calculate-cibil-score/ HTTP/1.1" 500 87487
INFO 2025-08-13 17:05:21,197 autoreload 30992 22436 C:\Users\DINESH\Dropbox\PC\Desktop\studies\cibil_score_checker\score_checker\main_app\views.py changed, reloading.
INFO 2025-08-13 17:05:23,316 autoreload 31864 26824 Watching for file changes with StatReloader
INFO 2025-08-13 17:05:35,741 autoreload 31864 26824 C:\Users\DINESH\Dropbox\PC\Desktop\studies\cibil_score_checker\score_checker\main_app\views.py changed, reloading.
INFO 2025-08-13 17:05:37,631 autoreload 39220 40916 Watching for file changes with StatReloader
ERROR 2025-08-13 17:05:45,172 log 39220 11956 Internal Server Error: /calculate-cibil-score/
Traceback (most recent call last):
  File "C:\Users\DINESH\Dropbox\PC\Desktop\studies\cibil_score_checker\score_checker\env\Lib\site-packages\django\core\handlers\exception.py", line 56, in inner
    response = get_response(request)
               ^^^^^^^^^^^^^^^^^^^^^
  File "C:\Users\DINESH\Dropbox\PC\Desktop\studies\cibil_score_checker\score_checker\env\Lib\site-packages\django\core\handlers\base.py", line 197, in _get_response
    response = wrapped_callback(request, *callback_args, **callback_kwargs)
               ^^^^^^^^^^^^^^^^^^^^^^^^^^^^^^^^^^^^^^^^^^^^^^^^^^^^^^^^^^^^
  File "C:\Users\DINESH\Dropbox\PC\Desktop\studies\cibil_score_checker\score_checker\env\Lib\site-packages\django\views\decorators\csrf.py", line 55, in wrapped_view
    return view_func(*args, **kwargs)
           ^^^^^^^^^^^^^^^^^^^^^^^^^^
  File "C:\Users\DINESH\Dropbox\PC\Desktop\studies\cibil_score_checker\score_checker\main_app\views.py", line 97, in calculate_cibil_score
    customer = next((c for c in customers if c.get('panNumber', '').upper() == pan_number.upper()), None)
               ^^^^^^^^^^^^^^^^^^^^^^^^^^^^^^^^^^^^^^^^^^^^^^^^^^^^^^^^^^^^^^^^^^^^^^^^^^^^^^^^^^^^^^^^^^
  File "C:\Users\DINESH\Dropbox\PC\Desktop\studies\cibil_score_checker\score_checker\main_app\views.py", line 97, in <genexpr>
    customer = next((c for c in customers if c.get('panNumber', '').upper() == pan_number.upper()), None)
                                             ^^^^^
AttributeError: 'str' object has no attribute 'get'
ERROR 2025-08-13 17:05:45,176 basehttp 39220 11956 "POST /calculate-cibil-score/ HTTP/1.1" 500 87487
INFO 2025-08-13 17:05:56,373 autoreload 39220 40916 C:\Users\DINESH\Dropbox\PC\Desktop\studies\cibil_score_checker\score_checker\main_app\views.py changed, reloading.
INFO 2025-08-13 17:06:00,275 autoreload 38368 35028 Watching for file changes with StatReloader
INFO 2025-08-13 17:06:24,834 autoreload 38368 35028 C:\Users\DINESH\Dropbox\PC\Desktop\studies\cibil_score_checker\score_checker\main_app\views.py changed, reloading.
INFO 2025-08-13 17:06:27,960 autoreload 4220 21592 Watching for file changes with StatReloader
INFO 2025-08-13 17:06:31,667 autoreload 4220 21592 C:\Users\DINESH\Dropbox\PC\Desktop\studies\cibil_score_checker\score_checker\main_app\views.py changed, reloading.
INFO 2025-08-13 17:06:35,612 autoreload 32552 33156 Watching for file changes with StatReloader
ERROR 2025-08-13 17:06:41,925 log 32552 12572 Internal Server Error: /calculate-cibil-score/
Traceback (most recent call last):
  File "C:\Users\DINESH\Dropbox\PC\Desktop\studies\cibil_score_checker\score_checker\env\Lib\site-packages\django\core\handlers\exception.py", line 56, in inner
    response = get_response(request)
               ^^^^^^^^^^^^^^^^^^^^^
  File "C:\Users\DINESH\Dropbox\PC\Desktop\studies\cibil_score_checker\score_checker\env\Lib\site-packages\django\core\handlers\base.py", line 197, in _get_response
    response = wrapped_callback(request, *callback_args, **callback_kwargs)
               ^^^^^^^^^^^^^^^^^^^^^^^^^^^^^^^^^^^^^^^^^^^^^^^^^^^^^^^^^^^^
  File "C:\Users\DINESH\Dropbox\PC\Desktop\studies\cibil_score_checker\score_checker\env\Lib\site-packages\django\views\decorators\csrf.py", line 55, in wrapped_view
    return view_func(*args, **kwargs)
           ^^^^^^^^^^^^^^^^^^^^^^^^^^
  File "C:\Users\DINESH\Dropbox\PC\Desktop\studies\cibil_score_checker\score_checker\main_app\views.py", line 97, in calculate_cibil_score
    customer = next((c for c in customers if c.get('panNumber', '').upper() == pan_number.upper()), None)
               ^^^^^^^^^^^^^^^^^^^^^^^^^^^^^^^^^^^^^^^^^^^^^^^^^^^^^^^^^^^^^^^^^^^^^^^^^^^^^^^^^^^^^^^^^^
  File "C:\Users\DINESH\Dropbox\PC\Desktop\studies\cibil_score_checker\score_checker\main_app\views.py", line 97, in <genexpr>
    customer = next((c for c in customers if c.get('panNumber', '').upper() == pan_number.upper()), None)
                                             ^^^^^
AttributeError: 'str' object has no attribute 'get'
ERROR 2025-08-13 17:06:41,932 basehttp 32552 12572 "POST /calculate-cibil-score/ HTTP/1.1" 500 87343
INFO 2025-08-13 17:07:46,551 autoreload 32552 33156 C:\Users\DINESH\Dropbox\PC\Desktop\studies\cibil_score_checker\score_checker\main_app\views.py changed, reloading.
INFO 2025-08-13 17:07:48,927 autoreload 25248 34196 Watching for file changes with StatReloader
INFO 2025-08-13 17:08:00,677 autoreload 25248 34196 C:\Users\DINESH\Dropbox\PC\Desktop\studies\cibil_score_checker\score_checker\main_app\views.py changed, reloading.
INFO 2025-08-13 17:08:03,792 autoreload 30792 29752 Watching for file changes with StatReloader
INFO 2025-08-13 17:08:18,192 autoreload 30792 29752 C:\Users\DINESH\Dropbox\PC\Desktop\studies\cibil_score_checker\score_checker\main_app\views.py changed, reloading.
INFO 2025-08-13 17:08:20,526 autoreload 38116 3512 Watching for file changes with StatReloader
INFO 2025-08-13 17:08:24,576 autoreload 38116 3512 C:\Users\DINESH\Dropbox\PC\Desktop\studies\cibil_score_checker\score_checker\main_app\views.py changed, reloading.
INFO 2025-08-13 17:08:27,998 autoreload 30012 11228 Watching for file changes with StatReloader
ERROR 2025-08-13 17:08:32,831 log 30012 39156 Internal Server Error: /calculate-cibil-score/
Traceback (most recent call last):
  File "C:\Users\DINESH\Dropbox\PC\Desktop\studies\cibil_score_checker\score_checker\env\Lib\site-packages\django\core\handlers\exception.py", line 56, in inner
    response = get_response(request)
               ^^^^^^^^^^^^^^^^^^^^^
  File "C:\Users\DINESH\Dropbox\PC\Desktop\studies\cibil_score_checker\score_checker\env\Lib\site-packages\django\core\handlers\base.py", line 197, in _get_response
    response = wrapped_callback(request, *callback_args, **callback_kwargs)
               ^^^^^^^^^^^^^^^^^^^^^^^^^^^^^^^^^^^^^^^^^^^^^^^^^^^^^^^^^^^^
  File "C:\Users\DINESH\Dropbox\PC\Desktop\studies\cibil_score_checker\score_checker\env\Lib\site-packages\django\views\decorators\csrf.py", line 55, in wrapped_view
    return view_func(*args, **kwargs)
           ^^^^^^^^^^^^^^^^^^^^^^^^^^
  File "C:\Users\DINESH\Dropbox\PC\Desktop\studies\cibil_score_checker\score_checker\main_app\views.py", line 96, in calculate_cibil_score
    print(customer)
          ^^^^^^^^
UnboundLocalError: cannot access local variable 'customer' where it is not associated with a value
ERROR 2025-08-13 17:08:32,836 basehttp 30012 39156 "POST /calculate-cibil-score/ HTTP/1.1" 500 82677
INFO 2025-08-13 17:08:50,151 autoreload 30012 11228 C:\Users\DINESH\Dropbox\PC\Desktop\studies\cibil_score_checker\score_checker\main_app\views.py changed, reloading.
INFO 2025-08-13 17:08:52,889 autoreload 37664 39148 Watching for file changes with StatReloader
INFO 2025-08-13 17:09:01,229 autoreload 37664 39148 C:\Users\DINESH\Dropbox\PC\Desktop\studies\cibil_score_checker\score_checker\main_app\views.py changed, reloading.
INFO 2025-08-13 17:09:03,617 autoreload 35740 41336 Watching for file changes with StatReloader
INFO 2025-08-13 17:09:16,341 autoreload 35740 41336 C:\Users\DINESH\Dropbox\PC\Desktop\studies\cibil_score_checker\score_checker\main_app\views.py changed, reloading.
INFO 2025-08-13 17:09:19,480 autoreload 39964 41360 Watching for file changes with StatReloader
INFO 2025-08-13 17:09:43,239 autoreload 39964 41360 C:\Users\DINESH\Dropbox\PC\Desktop\studies\cibil_score_checker\score_checker\main_app\views.py changed, reloading.
INFO 2025-08-13 17:09:45,609 autoreload 24748 20672 Watching for file changes with StatReloader
INFO 2025-08-13 17:09:59,753 autoreload 24748 20672 C:\Users\DINESH\Dropbox\PC\Desktop\studies\cibil_score_checker\score_checker\main_app\views.py changed, reloading.
INFO 2025-08-13 17:10:02,676 autoreload 37744 32908 Watching for file changes with StatReloader
ERROR 2025-08-13 17:10:04,376 log 37744 36548 Internal Server Error: /calculate-cibil-score/
Traceback (most recent call last):
  File "C:\Users\DINESH\Dropbox\PC\Desktop\studies\cibil_score_checker\score_checker\env\Lib\site-packages\django\core\handlers\exception.py", line 56, in inner
    response = get_response(request)
               ^^^^^^^^^^^^^^^^^^^^^
  File "C:\Users\DINESH\Dropbox\PC\Desktop\studies\cibil_score_checker\score_checker\env\Lib\site-packages\django\core\handlers\base.py", line 197, in _get_response
    response = wrapped_callback(request, *callback_args, **callback_kwargs)
               ^^^^^^^^^^^^^^^^^^^^^^^^^^^^^^^^^^^^^^^^^^^^^^^^^^^^^^^^^^^^
  File "C:\Users\DINESH\Dropbox\PC\Desktop\studies\cibil_score_checker\score_checker\env\Lib\site-packages\django\views\decorators\csrf.py", line 55, in wrapped_view
    return view_func(*args, **kwargs)
           ^^^^^^^^^^^^^^^^^^^^^^^^^^
  File "C:\Users\DINESH\Dropbox\PC\Desktop\studies\cibil_score_checker\score_checker\main_app\views.py", line 98, in calculate_cibil_score
    customer = next((c for c in customers if c.get('panNumber', '').upper() == pan_number.upper()), None)
               ^^^^^^^^^^^^^^^^^^^^^^^^^^^^^^^^^^^^^^^^^^^^^^^^^^^^^^^^^^^^^^^^^^^^^^^^^^^^^^^^^^^^^^^^^^
  File "C:\Users\DINESH\Dropbox\PC\Desktop\studies\cibil_score_checker\score_checker\main_app\views.py", line 98, in <genexpr>
    customer = next((c for c in customers if c.get('panNumber', '').upper() == pan_number.upper()), None)
                                             ^^^^^
AttributeError: 'str' object has no attribute 'get'
ERROR 2025-08-13 17:10:04,382 basehttp 37744 36548 "POST /calculate-cibil-score/ HTTP/1.1" 500 87231
INFO 2025-08-13 17:10:12,300 autoreload 37744 32908 C:\Users\DINESH\Dropbox\PC\Desktop\studies\cibil_score_checker\score_checker\main_app\views.py changed, reloading.
INFO 2025-08-13 17:10:15,714 autoreload 34800 29256 Watching for file changes with StatReloader
INFO 2025-08-13 17:13:31,470 autoreload 34800 29256 C:\Users\DINESH\Dropbox\PC\Desktop\studies\cibil_score_checker\score_checker\main_app\views.py changed, reloading.
INFO 2025-08-13 17:13:34,778 autoreload 10648 30276 Watching for file changes with StatReloader
INFO 2025-08-13 17:32:01,935 autoreload 10648 30276 C:\Users\DINESH\Dropbox\PC\Desktop\studies\cibil_score_checker\score_checker\main_app\views.py changed, reloading.
INFO 2025-08-13 17:32:04,486 autoreload 44932 45040 Watching for file changes with StatReloader
INFO 2025-08-13 17:32:18,521 autoreload 44932 45040 C:\Users\DINESH\Dropbox\PC\Desktop\studies\cibil_score_checker\score_checker\main_app\views.py changed, reloading.
INFO 2025-08-13 17:32:21,766 autoreload 36120 43716 Watching for file changes with StatReloader
INFO 2025-08-13 17:32:27,966 autoreload 36120 43716 C:\Users\DINESH\Dropbox\PC\Desktop\studies\cibil_score_checker\score_checker\main_app\views.py changed, reloading.
INFO 2025-08-13 17:32:30,294 autoreload 11720 8468 Watching for file changes with StatReloader
INFO 2025-08-13 17:56:33,857 autoreload 23764 7840 Watching for file changes with StatReloader
ERROR 2025-08-13 17:58:30,070 log 23764 19280 Internal Server Error: /auth_token
Traceback (most recent call last):
  File "C:\Users\DINESH\Dropbox\PC\Desktop\studies\cibil_score_checker\score_checker\env\Lib\site-packages\django\core\handlers\exception.py", line 56, in inner
    response = get_response(request)
               ^^^^^^^^^^^^^^^^^^^^^
  File "C:\Users\DINESH\Dropbox\PC\Desktop\studies\cibil_score_checker\score_checker\env\Lib\site-packages\django\utils\deprecation.py", line 133, in __call__
    response = self.process_request(request)
               ^^^^^^^^^^^^^^^^^^^^^^^^^^^^^
  File "C:\Users\DINESH\Dropbox\PC\Desktop\studies\cibil_score_checker\score_checker\env\Lib\site-packages\django\middleware\common.py", line 54, in process_request
    path = self.get_full_path_with_slash(request)
           ^^^^^^^^^^^^^^^^^^^^^^^^^^^^^^^^^^^^^^
  File "C:\Users\DINESH\Dropbox\PC\Desktop\studies\cibil_score_checker\score_checker\env\Lib\site-packages\django\middleware\common.py", line 88, in get_full_path_with_slash
    raise RuntimeError(
RuntimeError: You called this URL via POST, but the URL doesn't end in a slash and you have APPEND_SLASH set. Django can't redirect to the slash URL while maintaining POST data. Change your form to point to 172.17.254.21:8005/auth_token/ (note the trailing slash), or set APPEND_SLASH=False in your Django settings.
ERROR 2025-08-13 17:58:30,077 basehttp 23764 19280 "POST /auth_token HTTP/1.1" 500 80174
WARNING 2025-08-13 17:58:34,953 log 23764 11168 Bad Request: /auth_token/
WARNING 2025-08-13 17:58:34,954 basehttp 23764 11168 "POST /auth_token/ HTTP/1.1" 400 47
WARNING 2025-08-13 17:59:04,008 log 23764 11168 Bad Request: /auth_token/
WARNING 2025-08-13 17:59:04,010 basehttp 23764 11168 "POST /auth_token/ HTTP/1.1" 400 47
WARNING 2025-08-13 17:59:21,330 log 23764 11168 Bad Request: /auth_token/
WARNING 2025-08-13 17:59:21,332 basehttp 23764 11168 "POST /auth_token/ HTTP/1.1" 400 47
INFO 2025-08-13 18:00:04,356 autoreload 23764 7840 C:\Users\DINESH\Dropbox\PC\Desktop\studies\cibil_score_checker\score_checker\main_app\views.py changed, reloading.
INFO 2025-08-13 18:00:06,829 autoreload 19916 17432 Watching for file changes with StatReloader
ERROR 2025-08-13 18:00:13,167 log 19916 23588 Internal Server Error: /auth_token/
Traceback (most recent call last):
  File "C:\Users\DINESH\Dropbox\PC\Desktop\studies\cibil_score_checker\score_checker\env\Lib\site-packages\django\core\handlers\exception.py", line 56, in inner
    response = get_response(request)
               ^^^^^^^^^^^^^^^^^^^^^
  File "C:\Users\DINESH\Dropbox\PC\Desktop\studies\cibil_score_checker\score_checker\env\Lib\site-packages\django\core\handlers\base.py", line 197, in _get_response
    response = wrapped_callback(request, *callback_args, **callback_kwargs)
               ^^^^^^^^^^^^^^^^^^^^^^^^^^^^^^^^^^^^^^^^^^^^^^^^^^^^^^^^^^^^
  File "C:\Users\DINESH\Dropbox\PC\Desktop\studies\cibil_score_checker\score_checker\env\Lib\site-packages\django\views\decorators\csrf.py", line 55, in wrapped_view
    return view_func(*args, **kwargs)
           ^^^^^^^^^^^^^^^^^^^^^^^^^^
  File "C:\Users\DINESH\Dropbox\PC\Desktop\studies\cibil_score_checker\score_checker\main_app\views.py", line 19, in auth_token
    pan_number = request.body.get('pan_card_number')
                 ^^^^^^^^^^^^^^^^
AttributeError: 'bytes' object has no attribute 'get'
ERROR 2025-08-13 18:00:13,174 basehttp 19916 23588 "POST /auth_token/ HTTP/1.1" 500 78306
INFO 2025-08-13 18:01:28,871 autoreload 19916 17432 C:\Users\DINESH\Dropbox\PC\Desktop\studies\cibil_score_checker\score_checker\main_app\views.py changed, reloading.
INFO 2025-08-13 18:01:31,834 autoreload 44864 29416 Watching for file changes with StatReloader
INFO 2025-08-13 18:01:33,726 basehttp 44864 6120 "POST /auth_token/ HTTP/1.1" 200 199
INFO 2025-08-13 18:02:40,060 basehttp 44864 30708 "POST /auth_token/ HTTP/1.1" 200 203
INFO 2025-08-13 18:08:35,973 basehttp 44864 35872 "OPTIONS /auth_token/ HTTP/1.1" 200 0
INFO 2025-08-13 18:08:35,978 basehttp 44864 42156 "OPTIONS /auth_token/ HTTP/1.1" 200 0
INFO 2025-08-13 18:08:35,986 basehttp 44864 35872 "POST /auth_token/ HTTP/1.1" 200 203
INFO 2025-08-13 18:08:36,002 basehttp 44864 42156 "POST /auth_token/ HTTP/1.1" 200 203
INFO 2025-08-13 18:08:36,016 basehttp 44864 35872 "OPTIONS /api/fetch-cibil-score HTTP/1.1" 200 0
INFO 2025-08-13 18:08:36,052 basehttp 44864 42156 "OPTIONS /api/fetch-cibil-score HTTP/1.1" 200 0
WARNING 2025-08-13 18:08:36,104 log 44864 35872 Not Found: /api/fetch-cibil-score
WARNING 2025-08-13 18:08:36,107 log 44864 42156 Not Found: /api/fetch-cibil-score
WARNING 2025-08-13 18:08:36,109 basehttp 44864 35872 "POST /api/fetch-cibil-score HTTP/1.1" 404 2528
WARNING 2025-08-13 18:08:36,109 basehttp 44864 42156 "POST /api/fetch-cibil-score HTTP/1.1" 404 2528
INFO 2025-08-13 18:09:02,092 autoreload 44864 29416 C:\Users\DINESH\Dropbox\PC\Desktop\studies\cibil_score_checker\score_checker\main_app\views.py changed, reloading.
INFO 2025-08-13 18:09:04,481 autoreload 41636 31916 Watching for file changes with StatReloader
INFO 2025-08-13 18:09:10,955 autoreload 41636 31916 C:\Users\DINESH\Dropbox\PC\Desktop\studies\cibil_score_checker\score_checker\main_app\views.py changed, reloading.
INFO 2025-08-13 18:09:12,452 autoreload 41352 18964 Watching for file changes with StatReloader
INFO 2025-08-13 18:09:22,344 autoreload 41352 18964 C:\Users\DINESH\Dropbox\PC\Desktop\studies\cibil_score_checker\score_checker\main_app\views.py changed, reloading.
INFO 2025-08-13 18:09:23,767 autoreload 8224 4780 Watching for file changes with StatReloader
INFO 2025-08-13 18:11:10,913 basehttp 8224 17672 "POST /auth_token/ HTTP/1.1" 200 203
WARNING 2025-08-13 18:11:10,959 log 8224 17672 Not Found: /api/fetch-cibil-score
WARNING 2025-08-13 18:11:10,959 basehttp 8224 17672 "POST /api/fetch-cibil-score HTTP/1.1" 404 2528
INFO 2025-08-13 18:12:10,203 autoreload 8224 4780 C:\Users\DINESH\Dropbox\PC\Desktop\studies\cibil_score_checker\score_checker\main_app\views.py changed, reloading.
INFO 2025-08-13 18:12:11,671 autoreload 15852 35932 Watching for file changes with StatReloader
INFO 2025-08-13 18:13:03,858 basehttp 15852 34696 "POST /auth_token/ HTTP/1.1" 200 203
WARNING 2025-08-13 18:13:03,876 log 15852 34696 Not Found: /api/fetch-cibil-score
WARNING 2025-08-13 18:13:03,877 basehttp 15852 34696 "POST /api/fetch-cibil-score HTTP/1.1" 404 2528
INFO 2025-08-13 18:13:24,726 autoreload 15852 35932 C:\Users\DINESH\Dropbox\PC\Desktop\studies\cibil_score_checker\score_checker\main_app\views.py changed, reloading.
INFO 2025-08-13 18:13:25,695 autoreload 39604 40824 Watching for file changes with StatReloader
INFO 2025-08-13 18:13:37,534 autoreload 39604 40824 C:\Users\DINESH\Dropbox\PC\Desktop\studies\cibil_score_checker\score_checker\main_app\views.py changed, reloading.
INFO 2025-08-13 18:13:38,484 autoreload 6012 43324 Watching for file changes with StatReloader
INFO 2025-08-13 18:13:41,949 autoreload 6012 43324 C:\Users\DINESH\Dropbox\PC\Desktop\studies\cibil_score_checker\score_checker\main_app\views.py changed, reloading.
INFO 2025-08-13 18:13:43,187 autoreload 41320 37844 Watching for file changes with StatReloader
INFO 2025-08-13 18:13:46,615 autoreload 41320 37844 C:\Users\DINESH\Dropbox\PC\Desktop\studies\cibil_score_checker\score_checker\main_app\views.py changed, reloading.
INFO 2025-08-13 18:13:47,800 autoreload 8360 26184 Watching for file changes with StatReloader
INFO 2025-08-13 18:13:51,159 autoreload 8360 26184 C:\Users\DINESH\Dropbox\PC\Desktop\studies\cibil_score_checker\score_checker\main_app\views.py changed, reloading.
INFO 2025-08-13 18:13:52,900 autoreload 24536 35764 Watching for file changes with StatReloader
INFO 2025-08-13 18:31:36,510 autoreload 24536 35764 C:\Users\DINESH\Dropbox\PC\Desktop\studies\cibil_score_checker\score_checker\main_app\views.py changed, reloading.
INFO 2025-08-13 18:31:38,181 autoreload 31736 18300 Watching for file changes with StatReloader
INFO 2025-08-13 18:31:41,689 autoreload 31736 18300 C:\Users\DINESH\Dropbox\PC\Desktop\studies\cibil_score_checker\score_checker\main_app\views.py changed, reloading.
INFO 2025-08-13 18:31:42,628 autoreload 31680 33344 Watching for file changes with StatReloader
INFO 2025-08-13 18:31:45,654 autoreload 31680 33344 C:\Users\DINESH\Dropbox\PC\Desktop\studies\cibil_score_checker\score_checker\main_app\views.py changed, reloading.
INFO 2025-08-13 18:31:47,347 autoreload 38044 36828 Watching for file changes with StatReloader
INFO 2025-08-13 18:31:52,480 autoreload 38044 36828 C:\Users\DINESH\Dropbox\PC\Desktop\studies\cibil_score_checker\score_checker\main_app\views.py changed, reloading.
INFO 2025-08-13 18:31:53,644 autoreload 34576 23268 Watching for file changes with StatReloader
INFO 2025-08-13 18:31:58,595 autoreload 34576 23268 C:\Users\DINESH\Dropbox\PC\Desktop\studies\cibil_score_checker\score_checker\main_app\views.py changed, reloading.
INFO 2025-08-13 18:32:00,844 autoreload 39412 29732 Watching for file changes with StatReloader
INFO 2025-08-13 18:32:04,187 autoreload 39412 29732 C:\Users\DINESH\Dropbox\PC\Desktop\studies\cibil_score_checker\score_checker\main_app\views.py changed, reloading.
INFO 2025-08-13 18:32:05,494 autoreload 36796 37272 Watching for file changes with StatReloader
INFO 2025-08-13 18:32:12,908 autoreload 36796 37272 C:\Users\DINESH\Dropbox\PC\Desktop\studies\cibil_score_checker\score_checker\main_app\views.py changed, reloading.
INFO 2025-08-13 18:32:15,263 autoreload 5684 24676 Watching for file changes with StatReloader
INFO 2025-08-13 18:32:19,580 autoreload 5684 24676 C:\Users\DINESH\Dropbox\PC\Desktop\studies\cibil_score_checker\score_checker\main_app\views.py changed, reloading.
INFO 2025-08-13 18:32:21,677 autoreload 25384 26700 Watching for file changes with StatReloader
INFO 2025-08-13 18:32:28,694 autoreload 25384 26700 C:\Users\DINESH\Dropbox\PC\Desktop\studies\cibil_score_checker\score_checker\main_app\views.py changed, reloading.
INFO 2025-08-13 18:32:31,034 autoreload 5808 3260 Watching for file changes with StatReloader
INFO 2025-08-13 18:32:37,366 autoreload 5808 3260 C:\Users\DINESH\Dropbox\PC\Desktop\studies\cibil_score_checker\score_checker\main_app\views.py changed, reloading.
INFO 2025-08-13 18:32:40,118 autoreload 27568 2008 Watching for file changes with StatReloader
INFO 2025-08-13 18:34:41,501 autoreload 27568 2008 C:\Users\DINESH\Dropbox\PC\Desktop\studies\cibil_score_checker\score_checker\main_app\views.py changed, reloading.
INFO 2025-08-13 18:34:42,845 autoreload 43596 33984 Watching for file changes with StatReloader
INFO 2025-08-13 18:34:56,977 autoreload 43596 33984 C:\Users\DINESH\Dropbox\PC\Desktop\studies\cibil_score_checker\score_checker\main_app\views.py changed, reloading.
INFO 2025-08-13 18:34:58,530 autoreload 7076 32440 Watching for file changes with StatReloader
INFO 2025-08-13 18:35:01,661 autoreload 7076 32440 C:\Users\DINESH\Dropbox\PC\Desktop\studies\cibil_score_checker\score_checker\main_app\views.py changed, reloading.
INFO 2025-08-13 18:35:02,995 autoreload 32816 6952 Watching for file changes with StatReloader
INFO 2025-08-13 18:35:05,965 autoreload 32816 6952 C:\Users\DINESH\Dropbox\PC\Desktop\studies\cibil_score_checker\score_checker\main_app\views.py changed, reloading.
INFO 2025-08-13 18:35:07,418 autoreload 40000 23348 Watching for file changes with StatReloader
INFO 2025-08-13 18:35:10,842 autoreload 40000 23348 C:\Users\DINESH\Dropbox\PC\Desktop\studies\cibil_score_checker\score_checker\main_app\views.py changed, reloading.
INFO 2025-08-13 18:35:12,889 autoreload 34960 29296 Watching for file changes with StatReloader
INFO 2025-08-13 18:35:18,060 autoreload 34960 29296 C:\Users\DINESH\Dropbox\PC\Desktop\studies\cibil_score_checker\score_checker\main_app\views.py changed, reloading.
INFO 2025-08-13 18:35:19,884 autoreload 38188 43956 Watching for file changes with StatReloader
INFO 2025-08-13 18:35:44,368 basehttp 38188 30372 "POST /auth_token/ HTTP/1.1" 200 203
INFO 2025-08-13 18:35:44,369 basehttp 38188 39224 "POST /auth_token/ HTTP/1.1" 200 203
WARNING 2025-08-13 18:35:44,399 log 38188 39224 Not Found: /api/fetch-cibil-score
WARNING 2025-08-13 18:35:44,400 log 38188 30372 Not Found: /api/fetch-cibil-score
WARNING 2025-08-13 18:35:44,401 basehttp 38188 39224 "POST /api/fetch-cibil-score HTTP/1.1" 404 2528
WARNING 2025-08-13 18:35:44,401 basehttp 38188 30372 "POST /api/fetch-cibil-score HTTP/1.1" 404 2528
INFO 2025-08-13 18:40:55,123 basehttp 38188 32908 "POST /auth_token/ HTTP/1.1" 200 203
INFO 2025-08-13 18:40:55,132 basehttp 38188 32908 "OPTIONS /calculate-cibil-score HTTP/1.1" 200 0
ERROR 2025-08-13 18:40:55,181 log 38188 32908 Internal Server Error: /calculate-cibil-score
Traceback (most recent call last):
  File "C:\Users\DINESH\Dropbox\PC\Desktop\studies\cibil_score_checker\score_checker\env\Lib\site-packages\django\core\handlers\exception.py", line 56, in inner
    response = get_response(request)
               ^^^^^^^^^^^^^^^^^^^^^
  File "C:\Users\DINESH\Dropbox\PC\Desktop\studies\cibil_score_checker\score_checker\env\Lib\site-packages\django\utils\deprecation.py", line 133, in __call__
    response = self.process_request(request)
               ^^^^^^^^^^^^^^^^^^^^^^^^^^^^^
  File "C:\Users\DINESH\Dropbox\PC\Desktop\studies\cibil_score_checker\score_checker\env\Lib\site-packages\django\middleware\common.py", line 54, in process_request
    path = self.get_full_path_with_slash(request)
           ^^^^^^^^^^^^^^^^^^^^^^^^^^^^^^^^^^^^^^
  File "C:\Users\DINESH\Dropbox\PC\Desktop\studies\cibil_score_checker\score_checker\env\Lib\site-packages\django\middleware\common.py", line 88, in get_full_path_with_slash
    raise RuntimeError(
RuntimeError: You called this URL via POST, but the URL doesn't end in a slash and you have APPEND_SLASH set. Django can't redirect to the slash URL while maintaining POST data. Change your form to point to 172.17.254.21:8005/calculate-cibil-score/ (note the trailing slash), or set APPEND_SLASH=False in your Django settings.
ERROR 2025-08-13 18:40:55,183 basehttp 38188 32908 "POST /calculate-cibil-score HTTP/1.1" 500 81158
INFO 2025-08-13 18:41:00,141 basehttp 38188 39572 "POST /auth_token/ HTTP/1.1" 200 203
INFO 2025-08-13 18:41:00,143 basehttp 38188 38784 "POST /auth_token/ HTTP/1.1" 200 203
ERROR 2025-08-13 18:41:00,198 log 38188 38784 Internal Server Error: /calculate-cibil-score
Traceback (most recent call last):
  File "C:\Users\DINESH\Dropbox\PC\Desktop\studies\cibil_score_checker\score_checker\env\Lib\site-packages\django\core\handlers\exception.py", line 56, in inner
    response = get_response(request)
               ^^^^^^^^^^^^^^^^^^^^^
  File "C:\Users\DINESH\Dropbox\PC\Desktop\studies\cibil_score_checker\score_checker\env\Lib\site-packages\django\utils\deprecation.py", line 133, in __call__
    response = self.process_request(request)
               ^^^^^^^^^^^^^^^^^^^^^^^^^^^^^
  File "C:\Users\DINESH\Dropbox\PC\Desktop\studies\cibil_score_checker\score_checker\env\Lib\site-packages\django\middleware\common.py", line 54, in process_request
    path = self.get_full_path_with_slash(request)
           ^^^^^^^^^^^^^^^^^^^^^^^^^^^^^^^^^^^^^^
  File "C:\Users\DINESH\Dropbox\PC\Desktop\studies\cibil_score_checker\score_checker\env\Lib\site-packages\django\middleware\common.py", line 88, in get_full_path_with_slash
    raise RuntimeError(
RuntimeError: You called this URL via POST, but the URL doesn't end in a slash and you have APPEND_SLASH set. Django can't redirect to the slash URL while maintaining POST data. Change your form to point to 172.17.254.21:8005/calculate-cibil-score/ (note the trailing slash), or set APPEND_SLASH=False in your Django settings.
ERROR 2025-08-13 18:41:00,213 log 38188 39572 Internal Server Error: /calculate-cibil-score
Traceback (most recent call last):
  File "C:\Users\DINESH\Dropbox\PC\Desktop\studies\cibil_score_checker\score_checker\env\Lib\site-packages\django\core\handlers\exception.py", line 56, in inner
    response = get_response(request)
               ^^^^^^^^^^^^^^^^^^^^^
  File "C:\Users\DINESH\Dropbox\PC\Desktop\studies\cibil_score_checker\score_checker\env\Lib\site-packages\django\utils\deprecation.py", line 133, in __call__
    response = self.process_request(request)
               ^^^^^^^^^^^^^^^^^^^^^^^^^^^^^
  File "C:\Users\DINESH\Dropbox\PC\Desktop\studies\cibil_score_checker\score_checker\env\Lib\site-packages\django\middleware\common.py", line 54, in process_request
    path = self.get_full_path_with_slash(request)
           ^^^^^^^^^^^^^^^^^^^^^^^^^^^^^^^^^^^^^^
  File "C:\Users\DINESH\Dropbox\PC\Desktop\studies\cibil_score_checker\score_checker\env\Lib\site-packages\django\middleware\common.py", line 88, in get_full_path_with_slash
    raise RuntimeError(
RuntimeError: You called this URL via POST, but the URL doesn't end in a slash and you have APPEND_SLASH set. Django can't redirect to the slash URL while maintaining POST data. Change your form to point to 172.17.254.21:8005/calculate-cibil-score/ (note the trailing slash), or set APPEND_SLASH=False in your Django settings.
ERROR 2025-08-13 18:41:00,215 basehttp 38188 38784 "POST /calculate-cibil-score HTTP/1.1" 500 81158
ERROR 2025-08-13 18:41:00,216 basehttp 38188 39572 "POST /calculate-cibil-score HTTP/1.1" 500 81158
INFO 2025-08-13 18:42:25,336 basehttp 38188 3972 "POST /auth_token/ HTTP/1.1" 200 203
INFO 2025-08-13 18:42:25,350 basehttp 38188 3972 "OPTIONS /calculate-cibil-score/ HTTP/1.1" 200 0
WARNING 2025-08-13 18:42:25,360 log 38188 3972 Bad Request: /calculate-cibil-score/
WARNING 2025-08-13 18:42:25,360 basehttp 38188 3972 "POST /calculate-cibil-score/ HTTP/1.1" 400 37
INFO 2025-08-13 18:42:27,944 autoreload 38188 43956 C:\Users\DINESH\Dropbox\PC\Desktop\studies\cibil_score_checker\score_checker\main_app\urls.py changed, reloading.
INFO 2025-08-13 18:42:29,477 autoreload 43296 43368 Watching for file changes with StatReloader
INFO 2025-08-13 18:42:56,174 basehttp 43296 42928 "POST /auth_token/ HTTP/1.1" 200 203
INFO 2025-08-13 18:42:56,174 basehttp 43296 21424 "POST /auth_token/ HTTP/1.1" 200 203
WARNING 2025-08-13 18:42:56,200 log 43296 42928 Bad Request: /calculate-cibil-score/
WARNING 2025-08-13 18:42:56,202 log 43296 21424 Bad Request: /calculate-cibil-score/
WARNING 2025-08-13 18:42:56,203 basehttp 43296 42928 "POST /calculate-cibil-score/ HTTP/1.1" 400 37
WARNING 2025-08-13 18:42:56,204 basehttp 43296 21424 "POST /calculate-cibil-score/ HTTP/1.1" 400 37
INFO 2025-08-13 18:43:12,326 autoreload 43296 43368 C:\Users\DINESH\Dropbox\PC\Desktop\studies\cibil_score_checker\score_checker\main_app\urls.py changed, reloading.
INFO 2025-08-13 18:43:14,060 autoreload 42776 41304 Watching for file changes with StatReloader
INFO 2025-08-13 18:45:05,733 autoreload 42776 41304 C:\Users\DINESH\Dropbox\PC\Desktop\studies\cibil_score_checker\score_checker\main_app\views.py changed, reloading.
INFO 2025-08-13 18:45:07,969 autoreload 25692 1140 Watching for file changes with StatReloader
INFO 2025-08-13 18:45:38,174 basehttp 25692 43924 "POST /auth_token/ HTTP/1.1" 200 203
INFO 2025-08-13 18:45:38,174 basehttp 25692 21012 "POST /auth_token/ HTTP/1.1" 200 203
WARNING 2025-08-13 18:45:38,189 log 25692 43924 Bad Request: /calculate-cibil-score/
WARNING 2025-08-13 18:45:38,190 basehttp 25692 43924 "POST /calculate-cibil-score/ HTTP/1.1" 400 37
WARNING 2025-08-13 18:45:38,194 log 25692 21012 Bad Request: /calculate-cibil-score/
WARNING 2025-08-13 18:45:38,195 basehttp 25692 21012 "POST /calculate-cibil-score/ HTTP/1.1" 400 37
INFO 2025-08-13 18:46:12,149 autoreload 25692 1140 C:\Users\DINESH\Dropbox\PC\Desktop\studies\cibil_score_checker\score_checker\main_app\views.py changed, reloading.
INFO 2025-08-13 18:46:17,561 autoreload 5764 18516 Watching for file changes with StatReloader
INFO 2025-08-13 18:46:33,461 basehttp 5764 41320 "POST /auth_token/ HTTP/1.1" 200 203
INFO 2025-08-13 18:46:33,461 basehttp 5764 24144 "POST /auth_token/ HTTP/1.1" 200 203
WARNING 2025-08-13 18:46:33,474 log 5764 24144 Bad Request: /calculate-cibil-score/
WARNING 2025-08-13 18:46:33,476 log 5764 41320 Bad Request: /calculate-cibil-score/
WARNING 2025-08-13 18:46:33,477 basehttp 5764 24144 "POST /calculate-cibil-score/ HTTP/1.1" 400 37
WARNING 2025-08-13 18:46:33,478 basehttp 5764 41320 "POST /calculate-cibil-score/ HTTP/1.1" 400 37
INFO 2025-08-13 18:47:10,208 autoreload 5764 18516 C:\Users\DINESH\Dropbox\PC\Desktop\studies\cibil_score_checker\score_checker\main_app\views.py changed, reloading.
INFO 2025-08-13 18:47:12,224 autoreload 18176 25748 Watching for file changes with StatReloader
INFO 2025-08-13 18:47:15,563 autoreload 18176 25748 C:\Users\DINESH\Dropbox\PC\Desktop\studies\cibil_score_checker\score_checker\main_app\views.py changed, reloading.
INFO 2025-08-13 18:47:17,296 autoreload 19212 15868 Watching for file changes with StatReloader
INFO 2025-08-13 18:47:49,079 autoreload 19212 15868 C:\Users\DINESH\Dropbox\PC\Desktop\studies\cibil_score_checker\score_checker\main_app\views.py changed, reloading.
INFO 2025-08-13 18:47:52,107 autoreload 11340 32120 Watching for file changes with StatReloader
INFO 2025-08-13 18:47:54,349 basehttp 11340 36988 "POST /auth_token/ HTTP/1.1" 200 203
INFO 2025-08-13 18:47:54,349 basehttp 11340 43820 "POST /auth_token/ HTTP/1.1" 200 203
ERROR 2025-08-13 18:47:54,459 log 11340 43820 Internal Server Error: /calculate-cibil-score/
Traceback (most recent call last):
  File "C:\Users\DINESH\Dropbox\PC\Desktop\studies\cibil_score_checker\score_checker\env\Lib\site-packages\django\core\handlers\exception.py", line 56, in inner
    response = get_response(request)
               ^^^^^^^^^^^^^^^^^^^^^
  File "C:\Users\DINESH\Dropbox\PC\Desktop\studies\cibil_score_checker\score_checker\env\Lib\site-packages\django\core\handlers\base.py", line 197, in _get_response
    response = wrapped_callback(request, *callback_args, **callback_kwargs)
               ^^^^^^^^^^^^^^^^^^^^^^^^^^^^^^^^^^^^^^^^^^^^^^^^^^^^^^^^^^^^
  File "C:\Users\DINESH\Dropbox\PC\Desktop\studies\cibil_score_checker\score_checker\env\Lib\site-packages\django\views\decorators\csrf.py", line 55, in wrapped_view
    return view_func(*args, **kwargs)
           ^^^^^^^^^^^^^^^^^^^^^^^^^^
  File "C:\Users\DINESH\Dropbox\PC\Desktop\studies\cibil_score_checker\score_checker\main_app\views.py", line 89, in calculate_cibil_score
    token=request.get(f"{base_url}/auth-token/",timeout=30).json
          ^^^^^^^^^^^
AttributeError: 'WSGIRequest' object has no attribute 'get'
ERROR 2025-08-13 18:47:54,465 log 11340 36988 Internal Server Error: /calculate-cibil-score/
Traceback (most recent call last):
  File "C:\Users\DINESH\Dropbox\PC\Desktop\studies\cibil_score_checker\score_checker\env\Lib\site-packages\django\core\handlers\exception.py", line 56, in inner
    response = get_response(request)
               ^^^^^^^^^^^^^^^^^^^^^
  File "C:\Users\DINESH\Dropbox\PC\Desktop\studies\cibil_score_checker\score_checker\env\Lib\site-packages\django\core\handlers\base.py", line 197, in _get_response
    response = wrapped_callback(request, *callback_args, **callback_kwargs)
               ^^^^^^^^^^^^^^^^^^^^^^^^^^^^^^^^^^^^^^^^^^^^^^^^^^^^^^^^^^^^
  File "C:\Users\DINESH\Dropbox\PC\Desktop\studies\cibil_score_checker\score_checker\env\Lib\site-packages\django\views\decorators\csrf.py", line 55, in wrapped_view
    return view_func(*args, **kwargs)
           ^^^^^^^^^^^^^^^^^^^^^^^^^^
  File "C:\Users\DINESH\Dropbox\PC\Desktop\studies\cibil_score_checker\score_checker\main_app\views.py", line 89, in calculate_cibil_score
    token=request.get(f"{base_url}/auth-token/",timeout=30).json
          ^^^^^^^^^^^
AttributeError: 'WSGIRequest' object has no attribute 'get'
ERROR 2025-08-13 18:47:54,469 basehttp 11340 43820 "POST /calculate-cibil-score/ HTTP/1.1" 500 81154
ERROR 2025-08-13 18:47:54,470 basehttp 11340 36988 "POST /calculate-cibil-score/ HTTP/1.1" 500 81154
INFO 2025-08-13 18:48:57,859 autoreload 11340 32120 C:\Users\DINESH\Dropbox\PC\Desktop\studies\cibil_score_checker\score_checker\main_app\views.py changed, reloading.
INFO 2025-08-13 18:49:00,810 autoreload 8428 31068 Watching for file changes with StatReloader
INFO 2025-08-13 18:49:12,893 autoreload 8428 31068 C:\Users\DINESH\Dropbox\PC\Desktop\studies\cibil_score_checker\score_checker\main_app\views.py changed, reloading.
INFO 2025-08-13 18:49:15,552 autoreload 43944 34984 Watching for file changes with StatReloader
INFO 2025-08-13 18:49:28,670 basehttp 43944 42908 "POST /auth_token/ HTTP/1.1" 200 203
INFO 2025-08-13 18:49:28,670 basehttp 43944 36256 "POST /auth_token/ HTTP/1.1" 200 203
ERROR 2025-08-13 18:49:28,746 log 43944 42908 Internal Server Error: /calculate-cibil-score/
Traceback (most recent call last):
  File "C:\Users\DINESH\Dropbox\PC\Desktop\studies\cibil_score_checker\score_checker\env\Lib\site-packages\django\core\handlers\exception.py", line 56, in inner
    response = get_response(request)
               ^^^^^^^^^^^^^^^^^^^^^
  File "C:\Users\DINESH\Dropbox\PC\Desktop\studies\cibil_score_checker\score_checker\env\Lib\site-packages\django\core\handlers\base.py", line 197, in _get_response
    response = wrapped_callback(request, *callback_args, **callback_kwargs)
               ^^^^^^^^^^^^^^^^^^^^^^^^^^^^^^^^^^^^^^^^^^^^^^^^^^^^^^^^^^^^
  File "C:\Users\DINESH\Dropbox\PC\Desktop\studies\cibil_score_checker\score_checker\env\Lib\site-packages\django\views\decorators\csrf.py", line 55, in wrapped_view
    return view_func(*args, **kwargs)
           ^^^^^^^^^^^^^^^^^^^^^^^^^^
  File "C:\Users\DINESH\Dropbox\PC\Desktop\studies\cibil_score_checker\score_checker\main_app\views.py", line 89, in calculate_cibil_score
    token=request.post(f"{base_url}/auth-token/",timeout=30).json()
          ^^^^^^^^^^^^
AttributeError: 'WSGIRequest' object has no attribute 'post'
ERROR 2025-08-13 18:49:28,767 log 43944 36256 Internal Server Error: /calculate-cibil-score/
Traceback (most recent call last):
  File "C:\Users\DINESH\Dropbox\PC\Desktop\studies\cibil_score_checker\score_checker\env\Lib\site-packages\django\core\handlers\exception.py", line 56, in inner
    response = get_response(request)
               ^^^^^^^^^^^^^^^^^^^^^
  File "C:\Users\DINESH\Dropbox\PC\Desktop\studies\cibil_score_checker\score_checker\env\Lib\site-packages\django\core\handlers\base.py", line 197, in _get_response
    response = wrapped_callback(request, *callback_args, **callback_kwargs)
               ^^^^^^^^^^^^^^^^^^^^^^^^^^^^^^^^^^^^^^^^^^^^^^^^^^^^^^^^^^^^
  File "C:\Users\DINESH\Dropbox\PC\Desktop\studies\cibil_score_checker\score_checker\env\Lib\site-packages\django\views\decorators\csrf.py", line 55, in wrapped_view
    return view_func(*args, **kwargs)
           ^^^^^^^^^^^^^^^^^^^^^^^^^^
  File "C:\Users\DINESH\Dropbox\PC\Desktop\studies\cibil_score_checker\score_checker\main_app\views.py", line 89, in calculate_cibil_score
    token=request.post(f"{base_url}/auth-token/",timeout=30).json()
          ^^^^^^^^^^^^
AttributeError: 'WSGIRequest' object has no attribute 'post'
ERROR 2025-08-13 18:49:28,770 basehttp 43944 42908 "POST /calculate-cibil-score/ HTTP/1.1" 500 81164
ERROR 2025-08-13 18:49:28,771 basehttp 43944 36256 "POST /calculate-cibil-score/ HTTP/1.1" 500 81164
INFO 2025-08-13 18:49:47,705 autoreload 43944 34984 C:\Users\DINESH\Dropbox\PC\Desktop\studies\cibil_score_checker\score_checker\main_app\views.py changed, reloading.
INFO 2025-08-13 18:49:50,497 autoreload 24260 20832 Watching for file changes with StatReloader
INFO 2025-08-13 18:50:06,933 autoreload 24260 20832 C:\Users\DINESH\Dropbox\PC\Desktop\studies\cibil_score_checker\score_checker\main_app\views.py changed, reloading.
INFO 2025-08-13 18:50:10,087 autoreload 37112 43064 Watching for file changes with StatReloader
INFO 2025-08-13 18:50:36,600 autoreload 37112 43064 C:\Users\DINESH\Dropbox\PC\Desktop\studies\cibil_score_checker\score_checker\main_app\views.py changed, reloading.
INFO 2025-08-13 18:50:39,660 autoreload 34472 38380 Watching for file changes with StatReloader
INFO 2025-08-13 18:51:07,142 autoreload 34472 38380 C:\Users\DINESH\Dropbox\PC\Desktop\studies\cibil_score_checker\score_checker\main_app\views.py changed, reloading.
INFO 2025-08-13 18:51:09,614 autoreload 14532 4716 Watching for file changes with StatReloader
INFO 2025-08-13 18:53:36,951 autoreload 14532 4716 C:\Users\DINESH\Dropbox\PC\Desktop\studies\cibil_score_checker\score_checker\main_app\views.py changed, reloading.
INFO 2025-08-13 18:53:38,599 autoreload 22852 17920 Watching for file changes with StatReloader
INFO 2025-08-13 18:53:41,394 autoreload 22852 17920 C:\Users\DINESH\Dropbox\PC\Desktop\studies\cibil_score_checker\score_checker\main_app\views.py changed, reloading.
INFO 2025-08-13 18:53:43,765 autoreload 22672 4816 Watching for file changes with StatReloader
INFO 2025-08-13 18:53:52,664 autoreload 22672 4816 C:\Users\DINESH\Dropbox\PC\Desktop\studies\cibil_score_checker\score_checker\main_app\views.py changed, reloading.
INFO 2025-08-13 18:53:55,098 autoreload 19800 44124 Watching for file changes with StatReloader
INFO 2025-08-13 18:54:13,672 basehttp 19800 2760 "POST /auth_token/ HTTP/1.1" 200 203
INFO 2025-08-13 18:54:13,672 basehttp 19800 37208 "POST /auth_token/ HTTP/1.1" 200 203
INFO 2025-08-13 18:54:13,881 basehttp 19800 37208 "POST /calculate-cibil-score/ HTTP/1.1" 200 334
INFO 2025-08-13 18:54:13,969 basehttp 19800 2760 "POST /calculate-cibil-score/ HTTP/1.1" 200 334
INFO 2025-08-13 18:55:01,828 autoreload 19800 44124 C:\Users\DINESH\Dropbox\PC\Desktop\studies\cibil_score_checker\score_checker\main_app\views.py changed, reloading.
INFO 2025-08-13 18:55:05,064 autoreload 4496 41192 Watching for file changes with StatReloader
INFO 2025-08-13 18:56:02,006 autoreload 4496 41192 C:\Users\DINESH\Dropbox\PC\Desktop\studies\cibil_score_checker\score_checker\main_app\views.py changed, reloading.
INFO 2025-08-13 18:56:04,506 autoreload 30940 38348 Watching for file changes with StatReloader
